-- MySQL dump 10.13  Distrib 8.0.21, for Linux (x86_64)
--
-- Host: localhost    Database: vk
-- ------------------------------------------------------
-- Server version	8.0.21-0ubuntu0.20.04.4

/*!40101 SET @OLD_CHARACTER_SET_CLIENT=@@CHARACTER_SET_CLIENT */;
/*!40101 SET @OLD_CHARACTER_SET_RESULTS=@@CHARACTER_SET_RESULTS */;
/*!40101 SET @OLD_COLLATION_CONNECTION=@@COLLATION_CONNECTION */;
/*!50503 SET NAMES utf8mb4 */;
/*!40103 SET @OLD_TIME_ZONE=@@TIME_ZONE */;
/*!40103 SET TIME_ZONE='+00:00' */;
/*!40014 SET @OLD_UNIQUE_CHECKS=@@UNIQUE_CHECKS, UNIQUE_CHECKS=0 */;
/*!40014 SET @OLD_FOREIGN_KEY_CHECKS=@@FOREIGN_KEY_CHECKS, FOREIGN_KEY_CHECKS=0 */;
/*!40101 SET @OLD_SQL_MODE=@@SQL_MODE, SQL_MODE='NO_AUTO_VALUE_ON_ZERO' */;
/*!40111 SET @OLD_SQL_NOTES=@@SQL_NOTES, SQL_NOTES=0 */;

--
-- Table structure for table `communities`
--

DROP TABLE IF EXISTS `communities`;
/*!40101 SET @saved_cs_client     = @@character_set_client */;
/*!50503 SET character_set_client = utf8mb4 */;
CREATE TABLE `communities` (
  `id` int unsigned NOT NULL AUTO_INCREMENT COMMENT 'Идентификатор сроки',
  `name` varchar(150) CHARACTER SET utf8 COLLATE utf8_unicode_ci NOT NULL COMMENT 'Название группы',
  `created_at` datetime DEFAULT CURRENT_TIMESTAMP COMMENT 'Время создания строки',
  `updated_at` datetime DEFAULT CURRENT_TIMESTAMP ON UPDATE CURRENT_TIMESTAMP COMMENT 'Время обновления строки',
  PRIMARY KEY (`id`),
  UNIQUE KEY `name` (`name`)
) ENGINE=InnoDB AUTO_INCREMENT=101 DEFAULT CHARSET=utf8 COLLATE=utf8_unicode_ci COMMENT='Группы';
/*!40101 SET character_set_client = @saved_cs_client */;

--
-- Dumping data for table `communities`
--

LOCK TABLES `communities` WRITE;
/*!40000 ALTER TABLE `communities` DISABLE KEYS */;
INSERT INTO `communities` VALUES (1,'laudantium','2003-01-09 10:35:57','2005-10-02 11:41:46'),(2,'aut','1997-05-01 10:33:12','1974-04-23 06:40:59'),(3,'totam','1972-11-29 21:32:23','1987-03-16 05:26:06'),(4,'impedit','1982-03-20 17:31:24','1971-06-13 17:17:04'),(5,'quo','1999-05-26 15:07:08','1988-09-19 13:21:24'),(6,'est','1976-11-14 01:26:36','1971-03-17 06:20:56'),(7,'et','2007-03-08 16:53:45','2016-07-08 02:58:00'),(8,'quia','1986-02-18 06:46:33','1977-04-08 00:02:55'),(9,'asperiores','2000-02-28 10:19:55','1989-02-28 05:36:56'),(10,'odio','2000-07-10 16:25:03','1985-09-11 04:28:25'),(11,'non','2011-06-03 05:28:41','2008-12-30 04:23:56'),(12,'velit','2014-03-13 15:42:18','1990-08-13 02:50:19'),(13,'incidunt','2000-07-07 11:22:59','1998-04-29 12:25:27'),(14,'consequatur','1977-07-19 16:34:32','2004-07-12 10:54:54'),(15,'hic','1984-08-10 20:22:06','2018-03-01 08:27:29'),(16,'pariatur','1994-11-20 11:28:19','1998-05-23 21:42:40'),(17,'nulla','1985-03-30 08:40:11','1998-12-18 19:31:52'),(18,'corporis','2019-08-08 09:38:02','2002-06-04 01:07:08'),(19,'labore','1971-11-07 01:37:56','2010-05-16 10:09:37'),(20,'maxime','1999-07-31 10:56:33','2004-03-15 18:59:51'),(21,'ea','1974-08-27 06:17:05','2001-12-03 02:43:05'),(22,'amet','1985-06-07 23:01:26','1991-01-16 18:54:19'),(23,'natus','2010-04-28 06:07:36','1982-08-28 11:04:26'),(24,'nobis','2007-03-03 20:13:05','1975-02-04 12:31:25'),(25,'alias','1990-12-30 10:08:41','2017-03-17 13:41:18'),(26,'accusantium','1995-12-26 16:59:19','2012-05-16 06:19:35'),(27,'tempora','2013-09-18 08:41:07','1989-10-01 20:18:31'),(28,'possimus','1981-01-16 07:50:29','1985-11-12 05:12:47'),(29,'animi','1992-11-03 03:57:10','1998-05-12 22:19:57'),(30,'voluptatem','2000-07-16 15:44:55','2003-08-09 15:56:36'),(31,'fugiat','2005-11-15 13:36:33','2008-01-03 06:56:39'),(32,'porro','1981-03-19 15:16:15','1975-10-18 16:55:54'),(33,'reiciendis','2010-03-29 17:05:33','1984-08-20 15:09:53'),(34,'autem','1999-07-27 22:35:19','1984-08-15 08:59:19'),(35,'sit','1981-05-03 03:26:08','2020-01-22 13:22:43'),(36,'omnis','2002-04-17 03:24:25','2003-01-14 11:23:47'),(37,'ratione','1989-10-23 14:11:18','1973-07-19 23:35:17'),(38,'similique','1989-10-26 21:01:25','1987-04-13 13:39:58'),(39,'quasi','1984-10-23 04:40:11','2003-01-22 17:05:37'),(40,'tenetur','2019-11-12 15:17:19','1996-10-24 22:28:02'),(41,'saepe','1983-05-17 03:30:48','2010-08-18 13:44:31'),(42,'vero','1984-04-16 21:38:39','1971-11-22 18:13:18'),(43,'sed','1998-12-01 11:22:55','2003-07-05 04:22:00'),(44,'quam','1999-02-09 01:34:35','2017-01-05 07:59:45'),(45,'reprehenderit','2020-09-24 19:04:46','1979-09-06 22:38:23'),(46,'deleniti','2006-07-24 11:12:29','1997-11-23 05:27:04'),(47,'eaque','2000-01-13 17:44:28','1973-06-09 15:09:23'),(48,'ipsam','1976-06-02 19:55:22','2007-04-28 23:45:42'),(49,'in','2016-09-20 01:12:01','2018-07-04 01:04:00'),(50,'consectetur','2018-01-16 14:50:08','2012-11-18 01:57:31'),(51,'blanditiis','2001-10-11 01:36:12','2010-12-01 18:12:25'),(52,'adipisci','1997-02-02 05:22:17','1978-04-01 07:51:27'),(53,'ad','1998-09-30 03:25:42','2019-06-25 17:24:48'),(54,'voluptas','1994-08-13 01:35:35','2012-03-23 20:26:29'),(55,'magni','1975-04-01 10:55:07','1981-04-05 13:33:50'),(56,'ex','1996-10-21 17:59:58','2012-11-28 07:03:44'),(57,'exercitationem','1983-09-14 09:29:38','1985-10-13 04:51:33'),(58,'cum','1984-05-10 04:17:41','2003-03-27 07:27:49'),(59,'repellat','2012-10-27 12:48:52','1973-10-19 01:45:33'),(60,'aliquid','2016-10-14 14:33:16','1972-03-30 05:43:43'),(61,'placeat','2018-06-18 03:58:01','1978-06-30 12:36:36'),(62,'deserunt','2011-12-04 05:37:13','1978-02-12 11:24:15'),(63,'beatae','2013-12-07 14:03:40','2007-11-25 09:56:40'),(64,'temporibus','2010-10-28 05:49:50','2015-06-01 15:59:35'),(65,'sunt','2001-02-20 05:48:34','1981-08-28 08:54:40'),(66,'occaecati','1995-10-28 11:47:50','1978-02-06 18:39:28'),(67,'facilis','1998-11-16 07:19:48','2017-01-08 01:11:16'),(68,'cumque','1994-03-29 16:36:55','1986-10-20 23:23:51'),(69,'delectus','1990-06-22 02:29:12','1997-05-15 13:44:33'),(70,'iure','2003-05-29 01:12:32','1974-06-08 12:18:42'),(71,'molestiae','1970-02-26 09:02:58','2002-05-19 11:20:44'),(72,'ut','1983-07-25 15:20:26','1975-02-06 10:26:04'),(73,'suscipit','2018-10-11 13:03:52','2007-02-28 02:48:15'),(74,'officiis','1991-08-25 00:34:43','1983-05-06 21:31:21'),(75,'error','1980-04-06 03:13:21','2003-04-21 22:20:05'),(76,'dolor','1993-05-30 12:50:53','2001-08-30 14:52:41'),(77,'nostrum','2019-04-30 02:58:47','1996-04-19 21:54:31'),(78,'dolorem','2002-02-09 14:32:01','1973-12-27 08:28:08'),(79,'distinctio','1984-01-13 02:48:32','2007-05-04 09:45:56'),(80,'aliquam','2020-03-10 15:02:56','1999-04-16 12:00:02'),(81,'nihil','2010-07-27 20:47:04','1970-08-01 03:19:24'),(82,'eum','2019-11-06 14:32:39','1981-01-30 08:52:17'),(83,'quos','1987-01-17 18:12:25','2004-07-04 21:21:48'),(84,'veniam','1994-01-17 10:38:16','1996-07-23 01:29:48'),(85,'rerum','1975-11-30 20:56:35','1983-07-25 11:00:45'),(86,'aperiam','1997-06-25 20:40:31','1995-10-25 16:13:13'),(87,'provident','1972-05-18 07:23:42','2018-07-31 06:07:57'),(88,'eius','1979-01-07 18:10:05','1989-10-17 05:37:45'),(89,'sint','1985-07-03 10:55:42','1985-03-18 15:57:41'),(90,'laborum','2003-04-08 06:28:08','2012-08-12 02:21:56'),(91,'sequi','2004-10-30 11:59:36','2004-09-09 04:12:17'),(92,'odit','2017-03-15 07:25:55','1983-12-05 04:33:11'),(93,'quibusdam','1978-04-25 12:56:56','1982-05-18 12:33:22'),(94,'atque','2005-07-22 07:39:23','1994-10-04 12:41:39'),(95,'dicta','1975-01-25 07:38:06','1998-10-28 16:53:54'),(96,'quod','2014-10-30 11:32:06','1985-12-29 08:55:15'),(97,'libero','2003-02-05 10:51:55','1990-05-01 22:44:13'),(98,'ab','2000-01-18 06:12:02','2011-11-12 23:20:09'),(99,'accusamus','1989-08-10 14:21:34','1993-09-20 13:20:00'),(100,'qui','2019-05-31 00:10:02','1988-07-16 11:08:32');
/*!40000 ALTER TABLE `communities` ENABLE KEYS */;
UNLOCK TABLES;

--
-- Table structure for table `communities_users`
--

DROP TABLE IF EXISTS `communities_users`;
/*!40101 SET @saved_cs_client     = @@character_set_client */;
/*!50503 SET character_set_client = utf8mb4 */;
CREATE TABLE `communities_users` (
  `community_id` int unsigned NOT NULL COMMENT 'Ссылка на группу',
  `user_id` int unsigned NOT NULL COMMENT 'Ссылка на пользователя',
  `created_at` datetime DEFAULT CURRENT_TIMESTAMP COMMENT 'Время создания строки',
  PRIMARY KEY (`community_id`,`user_id`) COMMENT 'Составной первичный ключ'
) ENGINE=InnoDB DEFAULT CHARSET=utf8 COLLATE=utf8_unicode_ci COMMENT='Участники групп, связь между пользователями и группами';
/*!40101 SET character_set_client = @saved_cs_client */;

--
-- Dumping data for table `communities_users`
--

LOCK TABLES `communities_users` WRITE;
/*!40000 ALTER TABLE `communities_users` DISABLE KEYS */;
INSERT INTO `communities_users` VALUES (1,1,'2001-07-09 11:42:16'),(2,2,'2003-10-11 06:16:11'),(3,3,'1989-08-06 15:12:35'),(4,4,'1987-03-10 18:40:15'),(5,5,'1970-02-20 22:09:39'),(6,6,'1979-10-19 11:02:49'),(7,7,'2006-02-16 11:01:56'),(8,8,'1988-02-27 11:10:53'),(9,9,'1981-03-05 04:34:36'),(10,10,'2005-08-28 01:06:24'),(11,11,'1998-07-29 11:49:14'),(12,12,'1984-10-30 12:46:44'),(13,13,'1997-04-25 07:01:39'),(14,14,'1982-01-17 09:08:34'),(15,15,'1986-05-13 05:06:52'),(16,16,'1979-05-01 19:12:57'),(17,17,'2007-01-02 18:10:29'),(18,18,'2007-09-02 11:56:37'),(19,19,'2008-10-13 21:48:00'),(20,20,'1974-04-19 11:45:42'),(21,21,'1986-07-26 02:14:51'),(22,22,'1983-05-29 15:59:00'),(23,23,'2002-11-09 14:41:30'),(24,24,'2005-12-29 10:24:25'),(25,25,'1994-07-16 16:31:45'),(26,26,'1984-08-21 23:59:33'),(27,27,'2018-04-10 18:02:46'),(28,28,'2015-03-06 11:39:41'),(29,29,'2018-02-17 22:10:34'),(30,30,'2017-06-01 00:22:52'),(31,31,'1980-06-15 19:11:05'),(32,32,'1985-04-17 05:33:37'),(33,33,'1996-05-23 23:54:51'),(34,34,'1989-05-25 18:50:58'),(35,35,'1992-06-14 16:14:21'),(36,36,'1991-12-17 15:30:11'),(37,37,'2012-01-10 11:11:02'),(38,38,'1981-11-03 22:10:38'),(39,39,'2020-01-08 12:41:15'),(40,40,'1990-09-29 00:16:40'),(41,41,'2006-06-19 22:25:42'),(42,42,'2015-11-23 00:09:42'),(43,43,'2014-08-15 12:56:04'),(44,44,'1977-11-20 04:48:02'),(45,45,'2009-05-31 20:00:33'),(46,46,'2014-07-06 06:52:56'),(47,47,'1995-01-15 20:37:44'),(48,48,'2008-11-13 12:31:52'),(49,49,'2006-12-01 01:09:54'),(50,50,'2006-03-29 01:42:28'),(51,51,'1996-02-13 11:10:27'),(52,52,'1990-06-25 09:51:48'),(53,53,'2001-03-10 04:44:41'),(54,54,'1988-11-08 10:01:24'),(55,55,'1995-06-26 08:23:04'),(56,56,'1989-01-30 06:51:32'),(57,57,'1998-06-07 02:33:24'),(58,58,'1972-09-07 10:11:50'),(59,59,'1990-11-04 04:19:57'),(60,60,'2010-01-06 03:59:23'),(61,61,'2016-05-03 09:10:50'),(62,62,'1987-05-28 02:02:14'),(63,63,'2016-01-26 04:46:47'),(64,64,'1992-03-16 06:23:12'),(65,65,'2004-04-01 20:29:15'),(66,66,'2001-05-10 02:28:44'),(67,67,'2009-05-13 04:52:44'),(68,68,'2013-08-04 15:46:31'),(69,69,'1998-11-08 22:29:06'),(70,70,'2010-11-17 20:32:16'),(71,71,'1989-06-13 12:01:01'),(72,72,'1985-04-15 05:45:19'),(73,73,'1987-06-18 09:40:49'),(74,74,'2016-06-04 15:36:53'),(75,75,'2001-06-15 03:51:28'),(76,76,'2001-04-22 19:08:56'),(77,77,'2018-03-21 08:31:59'),(78,78,'2017-10-18 10:52:33'),(79,79,'1995-02-09 21:04:04'),(80,80,'2003-06-02 03:55:45'),(81,81,'1971-12-21 17:04:49'),(82,82,'2005-02-17 12:37:52'),(83,83,'1993-07-25 00:44:41'),(84,84,'2020-02-24 08:28:07'),(85,85,'1972-11-25 23:36:21'),(86,86,'1993-06-17 21:19:48'),(87,87,'1992-04-15 11:36:15'),(88,88,'2011-01-15 00:38:38'),(89,89,'2002-01-07 02:54:24'),(90,90,'1986-01-18 15:48:50'),(91,91,'2003-04-27 16:02:37'),(92,92,'2016-04-28 07:46:29'),(93,93,'2018-08-14 15:56:14'),(94,94,'2017-06-04 10:11:34'),(95,95,'2005-05-13 22:22:23'),(96,96,'2014-07-29 13:05:32'),(97,97,'1985-08-23 10:38:54'),(98,98,'2015-08-05 11:45:29'),(99,99,'1992-04-07 21:32:30'),(100,100,'2011-11-25 19:44:24');
/*!40000 ALTER TABLE `communities_users` ENABLE KEYS */;
UNLOCK TABLES;

--
-- Table structure for table `friendship_statuses`
--

DROP TABLE IF EXISTS `friendship_statuses`;
/*!40101 SET @saved_cs_client     = @@character_set_client */;
/*!50503 SET character_set_client = utf8mb4 */;
CREATE TABLE `friendship_statuses` (
  `id` int unsigned NOT NULL AUTO_INCREMENT COMMENT 'Идентификатор строки',
  `name` varchar(150) CHARACTER SET utf8 COLLATE utf8_unicode_ci NOT NULL COMMENT 'Название статуса',
  `created_at` datetime DEFAULT CURRENT_TIMESTAMP COMMENT 'Время создания строки',
  `updated_at` datetime DEFAULT CURRENT_TIMESTAMP ON UPDATE CURRENT_TIMESTAMP COMMENT 'Время обновления строки',
  PRIMARY KEY (`id`),
  UNIQUE KEY `name` (`name`)
) ENGINE=InnoDB AUTO_INCREMENT=4 DEFAULT CHARSET=utf8 COLLATE=utf8_unicode_ci COMMENT='Статусы дружбы';
/*!40101 SET character_set_client = @saved_cs_client */;

--
-- Dumping data for table `friendship_statuses`
--

LOCK TABLES `friendship_statuses` WRITE;
/*!40000 ALTER TABLE `friendship_statuses` DISABLE KEYS */;
INSERT INTO `friendship_statuses` VALUES (1,'ducimus','1976-05-06 06:12:56','2014-07-31 18:17:18'),(2,'recusandae','2001-03-28 04:30:01','1992-04-07 12:09:16'),(3,'sed','2015-09-18 11:28:23','2003-06-24 16:46:58');
/*!40000 ALTER TABLE `friendship_statuses` ENABLE KEYS */;
UNLOCK TABLES;

--
-- Table structure for table `friendships`
--

DROP TABLE IF EXISTS `friendships`;
/*!40101 SET @saved_cs_client     = @@character_set_client */;
/*!50503 SET character_set_client = utf8mb4 */;
CREATE TABLE `friendships` (
  `user_id` int unsigned NOT NULL COMMENT 'Ссылка на инициатора дружеских отношений',
  `friend_id` int unsigned NOT NULL COMMENT 'Ссылка на получателя приглашения дружить',
  `status_id` int unsigned NOT NULL COMMENT 'Ссылка на статус (текущее состояние) отношений',
  `requested_at` datetime DEFAULT CURRENT_TIMESTAMP COMMENT 'Время отправления приглашения дружить',
  `confirmed_at` datetime DEFAULT NULL COMMENT 'Время подтверждения приглашения',
  `created_at` datetime DEFAULT CURRENT_TIMESTAMP COMMENT 'Время создания строки',
  `updated_at` datetime DEFAULT CURRENT_TIMESTAMP ON UPDATE CURRENT_TIMESTAMP COMMENT 'Время обновления строки',
  PRIMARY KEY (`user_id`,`friend_id`) COMMENT 'Составной первичный ключ'
) ENGINE=InnoDB DEFAULT CHARSET=utf8 COLLATE=utf8_unicode_ci COMMENT='Таблица дружбы';
/*!40101 SET character_set_client = @saved_cs_client */;

--
-- Dumping data for table `friendships`
--

LOCK TABLES `friendships` WRITE;
/*!40000 ALTER TABLE `friendships` DISABLE KEYS */;
INSERT INTO `friendships` VALUES (1,1,1,'1999-12-07 00:00:00','2016-10-13 12:15:54','2012-11-09 04:25:59','2020-04-24 12:26:22'),(2,2,2,'1995-06-25 00:00:00','1975-11-30 16:17:27','1991-06-13 22:48:58','2003-11-02 06:47:38'),(3,3,3,'1999-12-26 00:00:00','1973-08-02 22:25:47','1986-01-13 21:50:45','2018-05-17 07:02:19'),(4,4,1,'1976-04-20 00:00:00','1988-06-09 22:25:58','1993-11-02 07:18:48','2006-07-15 06:00:21'),(5,5,2,'2018-04-13 00:00:00','1976-01-22 03:31:19','2020-09-10 09:46:46','2002-03-15 03:15:39'),(6,6,3,'1975-02-28 00:00:00','1999-08-12 04:24:32','1981-05-13 00:23:12','2018-05-07 01:00:40'),(7,7,1,'1983-02-23 00:00:00','2018-12-01 23:20:16','1973-04-11 11:13:11','1979-06-05 17:00:07'),(8,8,2,'1979-08-12 00:00:00','1974-09-12 18:00:59','1975-12-01 11:27:34','2003-07-23 03:15:18'),(9,9,3,'1975-06-15 00:00:00','1978-11-25 12:02:44','1979-08-03 20:11:01','1999-04-06 10:19:18'),(10,10,1,'1996-03-26 00:00:00','2000-11-30 09:33:24','2005-07-30 21:55:17','2012-11-02 19:41:25'),(11,11,2,'1989-12-05 00:00:00','2017-08-21 10:37:27','2016-09-27 02:15:50','1972-01-28 17:33:16'),(12,12,3,'1993-02-03 00:00:00','1973-10-24 08:14:49','1987-01-09 17:27:06','1983-02-07 06:37:40'),(13,13,1,'2001-05-15 00:00:00','1984-08-25 22:28:02','2001-08-04 01:22:58','2003-12-11 17:53:15'),(14,14,2,'1980-02-13 00:00:00','2003-05-19 09:22:38','2016-09-26 17:46:40','1983-05-27 08:22:42'),(15,15,3,'1998-12-25 00:00:00','1979-08-13 22:29:27','1987-05-17 08:53:29','2010-11-11 06:26:43'),(16,16,1,'1971-07-01 00:00:00','1983-12-30 04:49:57','1982-07-04 21:20:22','1993-12-06 12:19:05'),(17,17,2,'1970-03-24 00:00:00','1998-09-28 20:52:13','2000-09-24 20:07:10','2019-10-01 13:01:02'),(18,18,3,'1989-05-14 00:00:00','1988-08-20 18:01:39','1980-06-16 01:07:53','2006-09-03 07:53:59'),(19,19,1,'2008-05-06 00:00:00','2002-05-26 19:15:35','1979-03-24 05:27:04','2004-10-05 21:48:04'),(20,20,2,'1998-12-10 00:00:00','2020-01-02 13:14:49','1977-06-23 08:14:00','2020-07-21 02:38:54'),(21,21,3,'1988-03-30 00:00:00','1974-02-18 08:07:41','1998-05-05 07:08:11','2008-04-30 06:39:32'),(22,22,1,'1973-05-04 00:00:00','1997-03-03 04:57:06','2014-03-11 21:25:17','1987-11-23 03:12:26'),(23,23,2,'1989-10-25 00:00:00','1976-06-10 20:52:39','1993-01-24 12:05:02','2010-03-17 11:07:45'),(24,24,3,'1978-10-16 00:00:00','2004-02-08 06:53:39','1976-06-04 19:17:35','1993-02-16 18:45:46'),(25,25,1,'2013-09-05 00:00:00','1981-09-22 05:35:31','1975-10-19 19:22:31','2017-03-28 18:37:58'),(26,26,2,'1998-03-19 00:00:00','1990-11-15 11:28:22','1995-10-11 01:33:30','2000-10-10 00:31:22'),(27,27,3,'2014-05-08 00:00:00','2012-02-24 23:39:20','1972-04-11 22:53:45','1990-02-11 07:11:54'),(28,28,1,'1980-06-17 00:00:00','1977-12-05 14:16:00','2015-09-18 20:25:14','2001-09-25 17:26:43'),(29,29,2,'1970-01-11 00:00:00','1995-11-26 16:07:46','1983-02-11 03:39:56','1996-02-23 07:25:26'),(30,30,3,'2017-07-01 00:00:00','2010-01-27 00:14:48','2002-03-31 17:24:39','1978-02-01 16:55:49'),(31,31,1,'1980-03-20 00:00:00','1983-08-16 08:15:44','1996-07-19 00:09:20','1988-10-11 11:15:08'),(32,32,2,'2017-11-27 00:00:00','2020-08-22 21:01:11','1998-10-04 17:54:12','2015-08-19 17:51:08'),(33,33,3,'1995-03-10 00:00:00','1995-01-15 07:52:40','1991-06-18 10:59:14','2018-07-10 13:21:40'),(34,34,1,'1990-10-06 00:00:00','2003-02-02 00:52:27','1989-01-11 09:50:13','2019-11-02 02:32:56'),(35,35,2,'1977-08-14 00:00:00','1993-12-04 16:28:34','1980-12-21 22:39:05','1987-02-25 15:29:22'),(36,36,3,'1986-05-03 00:00:00','1979-06-21 17:58:13','2003-01-30 01:40:54','1990-11-16 23:00:29'),(37,37,1,'1999-01-01 00:00:00','2017-10-20 04:09:09','1980-01-21 21:36:23','1976-11-02 04:34:58'),(38,38,2,'1975-07-07 00:00:00','2013-12-30 23:54:26','1997-04-21 13:42:06','2015-11-09 19:40:56'),(39,39,3,'1976-07-29 00:00:00','2000-04-05 01:52:43','2012-03-09 04:07:20','1988-01-27 15:27:25'),(40,40,1,'2008-12-02 00:00:00','1994-02-19 22:05:37','2006-10-27 04:38:22','1987-01-29 12:05:11'),(41,41,2,'1980-01-24 00:00:00','1996-04-22 03:04:17','1977-09-18 09:25:11','2010-05-30 09:16:07'),(42,42,3,'2010-06-20 00:00:00','2017-02-13 19:18:32','2018-04-30 07:49:53','1993-03-02 20:21:59'),(43,43,1,'2017-02-02 00:00:00','1991-03-12 12:46:35','1985-06-22 11:37:49','1982-07-29 07:27:38'),(44,44,2,'2008-10-22 00:00:00','2004-05-03 01:58:58','2013-07-08 23:08:08','2004-01-01 20:47:05'),(45,45,3,'1991-01-02 00:00:00','2012-05-10 11:39:21','1999-09-02 22:22:27','2008-10-17 04:34:21'),(46,46,1,'1986-02-26 00:00:00','2012-07-17 23:12:19','1990-01-08 00:48:19','1995-05-24 12:23:55'),(47,47,2,'1991-06-17 00:00:00','2019-01-16 23:09:29','2009-03-29 15:27:45','2014-11-19 09:42:22'),(48,48,3,'1997-12-20 00:00:00','1992-08-16 08:16:51','2014-07-27 14:16:40','2007-06-09 09:15:08'),(49,49,1,'2006-11-20 00:00:00','1997-09-18 08:16:04','1993-05-11 03:30:43','1997-06-30 03:14:39'),(50,50,2,'2008-02-03 00:00:00','1986-04-15 10:14:49','2016-12-24 13:01:05','2018-10-20 20:28:25'),(51,51,3,'1972-11-12 00:00:00','2000-06-24 02:26:27','2006-07-18 08:10:09','1982-05-20 14:17:51'),(52,52,1,'1984-06-05 00:00:00','2005-12-26 08:19:59','1984-04-23 08:10:07','1975-09-29 21:03:26'),(53,53,2,'1977-04-07 00:00:00','1973-04-08 06:08:23','1990-06-19 20:56:26','1980-03-31 19:40:02'),(54,54,3,'1990-07-07 00:00:00','1977-05-11 03:02:30','1977-11-11 08:22:03','2012-02-28 06:51:54'),(55,55,1,'2000-06-21 00:00:00','2010-12-19 23:38:22','1972-01-10 09:39:24','1995-05-20 14:39:49'),(56,56,2,'1998-11-26 00:00:00','1987-09-14 09:51:12','2014-08-19 19:21:35','1976-12-18 19:46:45'),(57,57,3,'1986-06-29 00:00:00','1982-08-15 02:50:52','2011-07-25 13:39:11','2013-04-01 23:09:56'),(58,58,1,'1994-02-13 00:00:00','2013-03-24 19:35:22','1988-11-10 18:44:04','1987-08-14 23:29:16'),(59,59,2,'1978-02-13 00:00:00','2012-08-09 06:28:14','1987-03-24 10:13:37','1995-05-08 23:39:15'),(60,60,3,'2019-07-08 00:00:00','2014-10-18 11:35:33','1980-07-22 17:26:36','1977-12-15 18:32:23'),(61,61,1,'1992-08-24 00:00:00','1994-07-26 22:55:29','1995-05-06 03:56:22','1991-02-13 17:16:57'),(62,62,2,'1992-05-23 00:00:00','1988-09-04 06:13:08','2004-09-24 23:34:33','2001-10-19 21:34:22'),(63,63,3,'1975-07-04 00:00:00','1981-01-31 16:42:28','1997-08-13 06:21:31','2012-08-23 09:01:41'),(64,64,1,'2010-01-25 00:00:00','2020-10-03 21:30:36','1977-12-13 12:49:18','2000-09-04 13:20:12'),(65,65,2,'1994-07-17 00:00:00','1997-02-22 08:06:35','1992-03-26 13:51:29','2019-08-17 11:04:52'),(66,66,3,'1983-01-10 00:00:00','1971-04-07 20:30:27','1997-02-13 06:16:05','1986-06-18 20:46:27'),(67,67,1,'1991-12-20 00:00:00','1979-06-23 19:36:23','1993-04-09 21:47:31','1976-05-12 01:03:11'),(68,68,2,'2010-12-11 00:00:00','1981-04-21 16:39:15','2019-09-01 09:20:44','1981-07-07 16:35:29'),(69,69,3,'1982-10-24 00:00:00','1986-07-23 05:44:49','1991-06-26 19:04:23','2014-09-15 15:36:55'),(70,70,1,'1992-08-26 00:00:00','1981-05-31 11:41:22','2019-04-23 14:15:14','1988-02-17 20:41:15'),(71,71,2,'1983-09-20 00:00:00','1973-01-12 00:00:06','1993-07-05 02:50:26','1978-06-02 04:48:59'),(72,72,3,'2014-04-23 00:00:00','1984-08-28 16:52:23','2012-03-20 11:02:25','2004-03-31 13:59:49'),(73,73,1,'1973-01-14 00:00:00','1977-12-14 06:26:26','2012-04-01 23:52:18','2017-01-14 13:19:11'),(74,74,2,'1973-10-07 00:00:00','2012-03-31 14:18:23','1990-05-15 15:47:21','1986-11-18 15:43:23'),(75,75,3,'1978-07-27 00:00:00','2018-03-19 13:46:18','1970-01-04 20:48:28','2015-08-11 13:09:53'),(76,76,1,'1997-12-28 00:00:00','1976-09-04 01:56:32','1998-07-09 19:04:48','2013-10-14 03:23:27'),(77,77,2,'2015-10-23 00:00:00','1972-09-01 20:37:23','1987-10-28 05:02:07','1974-11-20 03:14:24'),(78,78,3,'1986-11-23 00:00:00','2012-12-22 23:21:43','2009-05-23 08:56:34','1973-01-25 21:15:08'),(79,79,1,'2006-09-12 00:00:00','1974-01-27 00:29:51','2013-02-17 07:40:48','1994-02-06 07:04:35'),(80,80,2,'1998-10-24 00:00:00','2008-01-09 06:17:57','1988-10-16 19:04:17','1970-04-07 09:52:32'),(81,81,3,'1976-02-01 00:00:00','1973-06-01 23:14:22','1993-12-20 19:40:55','2001-02-03 13:24:22'),(82,82,1,'2015-12-07 00:00:00','2012-07-15 02:25:52','1998-09-04 14:10:01','1983-02-15 06:08:09'),(83,83,2,'1993-09-29 00:00:00','2015-10-22 04:13:59','1999-09-22 23:30:34','2003-11-04 09:22:08'),(84,84,3,'1998-03-02 00:00:00','1975-05-19 10:48:39','2016-12-17 11:26:58','2013-01-16 22:00:06'),(85,85,1,'1991-04-26 00:00:00','2020-06-01 18:45:59','1989-10-25 18:53:08','1986-10-09 18:08:51'),(86,86,2,'1975-08-31 00:00:00','2003-07-15 03:30:43','2011-08-03 15:04:13','1977-09-29 06:33:13'),(87,87,3,'1991-02-21 00:00:00','1987-11-21 13:56:13','1985-08-21 23:45:47','2010-02-25 11:44:16'),(88,88,1,'1988-05-29 00:00:00','1999-03-04 00:34:32','1981-11-27 10:17:10','1970-07-20 03:07:06'),(89,89,2,'1970-09-28 00:00:00','1991-06-18 23:24:54','1973-10-11 20:48:01','2000-07-26 02:28:11'),(90,90,3,'2015-12-22 00:00:00','1985-07-23 13:24:26','1973-05-17 02:16:10','1976-09-22 21:24:33'),(91,91,1,'1985-05-06 00:00:00','2014-09-14 01:50:02','1985-07-23 08:22:19','1974-12-12 12:36:59'),(92,92,2,'1987-04-17 00:00:00','2005-11-29 13:47:52','1994-03-13 07:06:15','2014-02-03 19:32:32'),(93,93,3,'1974-06-06 00:00:00','1986-07-12 21:21:47','1972-07-17 02:54:48','1999-06-26 23:01:01'),(94,94,1,'1999-11-10 00:00:00','1992-07-09 13:07:49','2002-03-06 02:00:47','2001-04-05 06:20:38'),(95,95,2,'1994-10-24 00:00:00','2001-09-14 04:26:24','2016-01-31 01:05:29','2009-09-27 09:53:18'),(96,96,3,'1974-10-14 00:00:00','2003-03-06 23:39:16','2012-04-15 15:54:52','1979-01-30 03:30:41'),(97,97,1,'2013-10-02 00:00:00','2018-07-23 15:59:47','1991-08-25 10:04:43','1981-02-20 00:09:32'),(98,98,2,'1992-12-05 00:00:00','1986-04-29 11:57:48','1990-07-06 14:55:06','2015-03-19 01:05:23'),(99,99,3,'2018-04-17 00:00:00','2020-09-26 21:05:43','1996-07-06 03:03:22','1976-07-17 19:52:19'),(100,100,1,'2016-06-12 00:00:00','2005-03-07 02:44:50','1990-06-30 02:49:51','1998-07-05 17:56:34');
/*!40000 ALTER TABLE `friendships` ENABLE KEYS */;
UNLOCK TABLES;

--
-- Table structure for table `media`
--

DROP TABLE IF EXISTS `media`;
/*!40101 SET @saved_cs_client     = @@character_set_client */;
/*!50503 SET character_set_client = utf8mb4 */;
CREATE TABLE `media` (
  `id` int unsigned NOT NULL AUTO_INCREMENT COMMENT 'Идентификатор строки',
  `user_id` int unsigned NOT NULL COMMENT 'Ссылка на пользователя, который загрузил файл',
  `filename` varchar(255) CHARACTER SET utf8 COLLATE utf8_unicode_ci NOT NULL COMMENT 'Путь к файлу',
  `size` int NOT NULL COMMENT 'Размер файла',
  `metadata` longtext CHARACTER SET utf8mb4 COLLATE utf8mb4_bin COMMENT 'Метаданные файла',
  `media_type_id` int unsigned NOT NULL COMMENT 'Ссылка на тип контента',
  `created_at` datetime DEFAULT CURRENT_TIMESTAMP COMMENT 'Время создания строки',
  `updated_at` datetime DEFAULT CURRENT_TIMESTAMP ON UPDATE CURRENT_TIMESTAMP COMMENT 'Время обновления строки',
  PRIMARY KEY (`id`),
  CONSTRAINT `media_chk_1` CHECK (json_valid(`metadata`))
) ENGINE=InnoDB AUTO_INCREMENT=101 DEFAULT CHARSET=utf8 COLLATE=utf8_unicode_ci COMMENT='Медиафайлы';
/*!40101 SET character_set_client = @saved_cs_client */;

--
-- Dumping data for table `media`
--

LOCK TABLES `media` WRITE;
/*!40000 ALTER TABLE `media` DISABLE KEYS */;
INSERT INTO `media` VALUES (1,1,'ea',35,NULL,1,'1982-08-13 13:16:21','1995-08-01 04:12:54'),(2,2,'et',15,NULL,2,'1991-01-02 21:53:11','2012-05-22 23:34:26'),(3,3,'tempore',786949,NULL,3,'1977-04-11 18:50:02','1981-09-16 18:32:46'),(4,4,'qui',9426,NULL,4,'1978-04-17 13:10:18','2017-03-20 21:18:10'),(5,5,'quidem',5,NULL,5,'1994-05-09 10:25:09','1993-05-12 03:17:04'),(6,6,'labore',901964417,NULL,6,'1986-03-27 11:21:43','2016-08-13 16:57:57'),(7,7,'sit',3723,NULL,7,'2014-11-22 02:12:52','1977-09-12 09:39:49'),(8,8,'quam',3496578,NULL,8,'1996-08-09 16:33:52','2002-07-20 07:54:09'),(9,9,'qui',7,NULL,1,'1979-02-06 22:24:26','1979-02-25 19:23:47'),(10,10,'nisi',5477,NULL,2,'2019-02-23 09:16:58','1997-01-07 16:04:22'),(11,11,'repellendus',6648643,NULL,3,'1988-09-29 21:02:16','2013-10-24 16:40:44'),(12,12,'consequatur',3571655,NULL,4,'1989-12-22 08:41:09','1978-04-12 05:22:15'),(13,13,'deserunt',6310,NULL,5,'1996-12-01 10:45:18','2016-09-01 07:16:00'),(14,14,'accusantium',92135,NULL,6,'1996-10-23 01:22:06','2000-01-07 04:19:19'),(15,15,'consequatur',18,NULL,7,'2005-02-23 15:06:39','2010-12-19 23:19:49'),(16,16,'eum',5841,NULL,8,'2002-06-30 23:24:33','1976-08-23 14:24:35'),(17,17,'enim',83,NULL,1,'1983-08-21 05:43:41','2009-03-24 08:31:20'),(18,18,'laboriosam',879689,NULL,2,'2017-12-26 10:59:22','1977-07-04 01:43:13'),(19,19,'iusto',5,NULL,3,'1985-03-23 07:05:49','1977-01-20 08:08:34'),(20,20,'aliquam',301855148,NULL,4,'2002-12-21 14:56:13','1987-02-23 05:51:22'),(21,21,'dolores',393504673,NULL,5,'2013-06-29 18:31:12','1984-06-09 15:50:51'),(22,22,'nemo',88770349,NULL,6,'2009-08-23 07:40:59','2016-08-14 18:41:41'),(23,23,'voluptas',79,NULL,7,'1982-12-03 18:42:43','2005-10-18 21:58:48'),(24,24,'quae',668,NULL,8,'2016-06-25 20:45:46','2007-09-30 09:32:33'),(25,25,'cumque',850171,NULL,1,'2017-11-10 19:19:34','1975-01-05 08:38:25'),(26,26,'sed',784,NULL,2,'1997-11-29 06:12:12','2011-01-07 00:01:51'),(27,27,'distinctio',90,NULL,3,'2007-07-10 09:53:44','2007-02-25 11:33:56'),(28,28,'dolores',3465,NULL,4,'1983-04-30 11:17:21','1985-02-10 23:27:03'),(29,29,'impedit',91,NULL,5,'1984-10-04 11:13:33','1995-03-09 00:08:42'),(30,30,'dicta',8178,NULL,6,'2018-07-27 05:50:34','2016-03-09 23:40:21'),(31,31,'neque',1459,NULL,7,'2007-06-02 15:30:19','1982-06-18 08:21:08'),(32,32,'ut',741,NULL,8,'2001-08-08 03:17:39','1992-01-23 12:31:49'),(33,33,'reprehenderit',0,NULL,1,'1994-08-11 22:05:14','1983-08-03 17:29:53'),(34,34,'et',2269,NULL,2,'1986-03-13 02:30:17','2015-11-07 12:15:51'),(35,35,'cum',64531,NULL,3,'1975-03-30 10:46:51','2011-03-14 08:05:49'),(36,36,'quo',13,NULL,4,'1974-09-21 15:46:57','2009-12-29 02:59:40'),(37,37,'inventore',352796410,NULL,5,'2010-12-17 06:57:06','1971-03-05 21:12:06'),(38,38,'soluta',7868,NULL,6,'2007-11-21 17:23:53','2004-02-15 21:12:20'),(39,39,'accusamus',93807,NULL,7,'2004-07-26 06:29:00','2007-01-18 20:29:48'),(40,40,'atque',387,NULL,8,'1998-12-20 14:28:57','1990-02-05 00:16:30'),(41,41,'esse',2,NULL,1,'2001-03-07 04:00:22','1971-02-25 06:47:58'),(42,42,'quaerat',46268578,NULL,2,'2014-11-17 03:03:16','2008-02-19 10:42:06'),(43,43,'placeat',8692743,NULL,3,'1988-09-15 05:03:04','1987-10-18 16:45:30'),(44,44,'accusantium',35544109,NULL,4,'1992-04-13 00:48:10','1996-01-25 02:56:41'),(45,45,'minima',506509626,NULL,5,'2020-04-14 14:59:59','2018-02-22 07:26:12'),(46,46,'nesciunt',1959,NULL,6,'2013-09-22 20:39:39','2012-03-24 02:48:13'),(47,47,'pariatur',83252074,NULL,7,'1978-02-11 02:59:39','2002-08-15 18:39:27'),(48,48,'blanditiis',78743187,NULL,8,'2012-08-22 19:36:10','1976-01-24 12:10:05'),(49,49,'vitae',34947,NULL,1,'2001-06-10 23:44:19','1972-07-03 07:43:44'),(50,50,'iste',3940187,NULL,2,'1985-01-08 04:43:23','1988-04-02 06:40:53'),(51,51,'temporibus',8,NULL,3,'2010-06-02 21:47:36','1980-07-24 19:15:30'),(52,52,'dolorem',398,NULL,4,'2019-01-30 08:01:23','1983-09-23 04:00:26'),(53,53,'eos',749,NULL,5,'2012-12-03 10:13:36','1991-07-03 03:13:13'),(54,54,'voluptas',5509405,NULL,6,'2013-11-24 07:56:14','1984-04-04 23:40:26'),(55,55,'est',754580,NULL,7,'2000-05-30 09:49:07','1976-02-24 13:57:54'),(56,56,'deserunt',879061978,NULL,8,'1994-06-29 20:31:01','1973-02-24 13:12:34'),(57,57,'molestiae',37,NULL,1,'1972-05-17 03:15:12','1974-05-03 08:36:03'),(58,58,'ullam',838256,NULL,2,'1988-02-10 23:46:58','2012-08-24 11:55:42'),(59,59,'aperiam',110738441,NULL,3,'1978-04-23 23:12:08','2008-12-05 21:57:51'),(60,60,'mollitia',628,NULL,4,'1973-07-18 08:58:58','2011-02-28 23:52:53'),(61,61,'voluptatem',0,NULL,5,'1971-03-19 12:51:04','1995-05-15 19:55:13'),(62,62,'id',9,NULL,6,'1999-02-03 23:36:38','2012-04-18 03:22:05'),(63,63,'officiis',0,NULL,7,'1996-12-23 22:57:56','1991-11-23 08:23:42'),(64,64,'ea',768199380,NULL,8,'1984-03-07 13:52:19','1978-03-04 06:32:51'),(65,65,'asperiores',29501616,NULL,1,'1981-08-28 05:24:14','2004-04-30 10:31:05'),(66,66,'aut',70745,NULL,2,'1994-06-12 17:01:26','2005-06-10 00:34:25'),(67,67,'dolores',9,NULL,3,'2003-03-26 14:50:20','2007-07-22 04:45:54'),(68,68,'voluptatem',96219484,NULL,4,'1995-09-27 20:38:39','1982-07-21 23:52:28'),(69,69,'est',2267,NULL,5,'2014-06-23 09:14:42','1987-07-18 19:24:43'),(70,70,'vero',883885,NULL,6,'1985-06-24 08:33:00','2005-01-28 18:06:37'),(71,71,'fugiat',56,NULL,7,'2015-03-15 13:37:56','1997-11-28 10:17:02'),(72,72,'laudantium',7723,NULL,8,'1996-09-13 07:49:55','1979-06-04 23:03:18'),(73,73,'necessitatibus',0,NULL,1,'2014-01-14 23:50:30','1998-03-29 15:18:45'),(74,74,'ut',702324352,NULL,2,'1991-10-18 05:50:41','1972-11-19 19:43:45'),(75,75,'quia',199358599,NULL,3,'1975-10-11 17:46:24','2013-03-05 14:14:05'),(76,76,'explicabo',7651253,NULL,4,'1977-02-15 14:16:10','1997-08-25 14:53:15'),(77,77,'nostrum',478030202,NULL,5,'1984-06-17 22:48:46','1982-11-12 23:42:13'),(78,78,'aut',5122211,NULL,6,'2005-03-03 17:59:47','2008-10-03 02:10:06'),(79,79,'ullam',382166,NULL,7,'2015-11-14 09:56:25','1983-08-11 11:55:31'),(80,80,'sit',500929384,NULL,8,'1993-03-02 15:40:08','1979-12-26 05:17:34'),(81,81,'eius',4171,NULL,1,'2018-03-11 21:55:15','2012-01-09 13:45:35'),(82,82,'et',98540870,NULL,2,'2000-02-21 06:05:52','2004-08-14 21:31:22'),(83,83,'reprehenderit',37,NULL,3,'1990-05-30 23:51:32','2004-12-26 23:54:45'),(84,84,'ut',239434,NULL,4,'1989-10-22 01:12:41','2008-07-30 07:39:57'),(85,85,'ut',690918,NULL,5,'2000-02-01 06:33:42','2013-09-12 11:17:00'),(86,86,'animi',3713,NULL,6,'1977-12-24 19:43:56','2018-10-26 19:37:22'),(87,87,'eaque',3332284,NULL,7,'1982-05-23 06:35:47','2005-12-09 22:04:01'),(88,88,'hic',315,NULL,8,'2008-02-28 17:55:49','1981-12-03 17:26:16'),(89,89,'quas',8343,NULL,1,'1998-09-21 05:16:18','1970-12-24 21:20:27'),(90,90,'dolorem',1072,NULL,2,'2000-06-26 16:09:08','1999-02-02 17:11:41'),(91,91,'fugit',539,NULL,3,'2002-09-15 17:58:41','2008-12-14 06:42:28'),(92,92,'quo',34838,NULL,4,'1971-06-01 06:39:45','2015-11-02 09:02:16'),(93,93,'omnis',6,NULL,5,'2020-01-05 22:33:37','1999-03-21 17:57:21'),(94,94,'officia',759087,NULL,6,'1988-09-19 08:43:28','2001-12-09 08:57:40'),(95,95,'praesentium',5107989,NULL,7,'1992-12-03 17:16:08','2017-03-06 00:32:42'),(96,96,'modi',0,NULL,8,'1978-07-03 05:39:21','1977-03-16 05:51:59'),(97,97,'beatae',20,NULL,1,'1989-01-25 03:16:01','1987-07-16 02:39:34'),(98,98,'accusantium',20888387,NULL,2,'2004-04-16 06:21:13','2011-10-24 13:20:02'),(99,99,'cumque',16948097,NULL,3,'1978-03-28 12:49:56','1971-04-29 01:14:44'),(100,100,'et',873051,NULL,4,'1972-03-14 09:48:37','1975-10-06 02:05:38');
/*!40000 ALTER TABLE `media` ENABLE KEYS */;
UNLOCK TABLES;

--
-- Table structure for table `media_types`
--

DROP TABLE IF EXISTS `media_types`;
/*!40101 SET @saved_cs_client     = @@character_set_client */;
/*!50503 SET character_set_client = utf8mb4 */;
CREATE TABLE `media_types` (
  `id` int unsigned NOT NULL AUTO_INCREMENT COMMENT 'Идентификатор строки',
  `name` varchar(255) CHARACTER SET utf8 COLLATE utf8_unicode_ci NOT NULL COMMENT 'Название типа',
  `created_at` datetime DEFAULT CURRENT_TIMESTAMP COMMENT 'Время создания строки',
  `updated_at` datetime DEFAULT CURRENT_TIMESTAMP ON UPDATE CURRENT_TIMESTAMP COMMENT 'Время обновления строки',
  PRIMARY KEY (`id`),
  UNIQUE KEY `name` (`name`)
) ENGINE=InnoDB AUTO_INCREMENT=9 DEFAULT CHARSET=utf8 COLLATE=utf8_unicode_ci COMMENT='Типы медиафайлов';
/*!40101 SET character_set_client = @saved_cs_client */;

--
-- Dumping data for table `media_types`
--

LOCK TABLES `media_types` WRITE;
/*!40000 ALTER TABLE `media_types` DISABLE KEYS */;
INSERT INTO `media_types` VALUES (1,'asperiores','1977-11-04 02:42:24','2002-11-30 03:48:56'),(2,'maxime','1973-04-28 23:59:26','1982-12-28 10:44:10'),(3,'consequuntur','2009-09-20 18:42:06','1974-04-06 14:33:17'),(4,'officia','2020-02-04 19:46:26','2013-12-28 06:56:44'),(5,'labore','2010-10-05 21:20:28','1975-09-14 17:25:25'),(6,'ut','2019-04-12 01:33:24','2002-12-05 03:27:41'),(7,'odio','1992-06-01 19:11:29','1999-05-01 07:47:09'),(8,'sint','1999-09-05 20:51:20','2016-10-17 15:33:09');
/*!40000 ALTER TABLE `media_types` ENABLE KEYS */;
UNLOCK TABLES;

--
-- Table structure for table `messages`
--

DROP TABLE IF EXISTS `messages`;
/*!40101 SET @saved_cs_client     = @@character_set_client */;
/*!50503 SET character_set_client = utf8mb4 */;
CREATE TABLE `messages` (
  `id` int unsigned NOT NULL AUTO_INCREMENT COMMENT 'Идентификатор строки',
  `from_user_id` int unsigned NOT NULL COMMENT 'Ссылка на отправителя сообщения',
  `to_user_id` int unsigned NOT NULL COMMENT 'Ссылка на получателя сообщения',
  `body` text CHARACTER SET utf8 COLLATE utf8_unicode_ci NOT NULL COMMENT 'Текст сообщения',
  `is_important` tinyint(1) DEFAULT NULL COMMENT 'Признак важности',
  `is_delivered` tinyint(1) DEFAULT NULL COMMENT 'Признак доставки',
  `created_at` datetime DEFAULT CURRENT_TIMESTAMP COMMENT 'Время создания строки',
  `updated_at` datetime DEFAULT CURRENT_TIMESTAMP ON UPDATE CURRENT_TIMESTAMP COMMENT 'Время обновления строки',
  PRIMARY KEY (`id`)
) ENGINE=InnoDB AUTO_INCREMENT=101 DEFAULT CHARSET=utf8 COLLATE=utf8_unicode_ci COMMENT='Сообщения';
/*!40101 SET character_set_client = @saved_cs_client */;

--
-- Dumping data for table `messages`
--

LOCK TABLES `messages` WRITE;
/*!40000 ALTER TABLE `messages` DISABLE KEYS */;
INSERT INTO `messages` VALUES (1,1,1,'Iusto consequatur quos quas corporis. Consequatur quidem ducimus sequi quo quae provident. Ullam aliquam et eos.',0,1,'1986-01-30 05:31:21','1996-07-05 19:34:33'),(2,2,2,'Harum qui quod veritatis consequatur. Ipsam molestias perferendis nihil est dolore et aspernatur. Impedit quis distinctio pariatur ea eum doloremque. Veniam voluptas provident rerum quidem asperiores.',0,0,'1990-08-21 11:10:33','2002-06-09 03:49:26'),(3,3,3,'Est facilis fuga ad eligendi harum ut. Ea illo quo inventore placeat odio quia et. Harum explicabo et adipisci ut. Necessitatibus omnis cupiditate dolor facilis aut labore est.',0,0,'2005-10-04 23:19:08','1993-08-18 23:14:36'),(4,4,4,'Ea perferendis quasi incidunt rerum eveniet. At unde reprehenderit eum sequi accusantium dolores molestiae. Quidem provident rerum consectetur consequatur doloribus et. Cumque nesciunt alias saepe alias.',1,1,'1996-02-29 20:32:42','1977-10-28 17:41:40'),(5,5,5,'Provident placeat voluptas fugit. Voluptatem et suscipit omnis consequatur labore id. Ut explicabo tenetur ut numquam ratione. Voluptas unde tenetur aut dignissimos et ut nostrum.',1,1,'1971-10-17 03:55:52','1986-01-27 21:12:52'),(6,6,6,'Fugiat saepe tenetur qui consectetur eaque. Et et in exercitationem rerum architecto eum modi. Ipsa ratione magni sit doloremque. Voluptatem iusto praesentium ratione ratione at. Officia sapiente temporibus quasi earum dicta.',1,1,'2000-07-09 14:59:38','1996-12-05 19:57:12'),(7,7,7,'Et delectus quia quisquam. Ex nemo eum soluta aut aut ut accusantium quibusdam. Libero omnis eum eum est aut omnis aperiam. Quam atque minus in at vitae nihil consequatur quo.',1,1,'2001-02-24 03:31:33','1972-02-29 06:09:51'),(8,8,8,'Voluptatum reiciendis et voluptatum quisquam aut consequuntur dolorem. Id voluptate atque optio nisi. Aut dolor ratione animi et et nulla ab nulla.',0,1,'1972-07-10 03:35:47','2003-04-19 21:16:45'),(9,9,9,'Sint repellendus et tenetur ad dignissimos aliquid non. Dignissimos qui est et rerum velit. Vel dolorem similique tempora dignissimos. Voluptatem omnis dolor officia omnis.',1,1,'1985-07-30 22:30:24','1974-03-02 05:22:09'),(10,10,10,'Cumque numquam voluptatem nihil rem neque debitis. Sed nisi provident temporibus asperiores. Veritatis saepe quasi et laborum.',0,1,'1996-01-24 01:10:53','2007-08-07 18:17:39'),(11,11,11,'Inventore dolore eius incidunt laborum est et. Veritatis est qui facere quasi velit distinctio.',0,1,'1984-08-04 10:59:02','2015-07-03 18:57:12'),(12,12,12,'Praesentium exercitationem dolor placeat molestiae magnam repellat. Quos explicabo quia velit dolores. Incidunt similique ipsa adipisci. Provident ab aperiam quis veritatis dolor vel.',0,1,'1997-05-18 19:36:49','2007-04-20 10:41:42'),(13,13,13,'Suscipit nesciunt aliquam eius quasi. Quaerat esse nam ullam pariatur voluptas. Iusto et nobis commodi autem.',1,0,'2012-05-28 05:22:36','1988-01-16 20:54:19'),(14,14,14,'Aliquid non sint voluptas facere eaque. Fuga perspiciatis cumque aut sed eum eos. Aut voluptates fugiat quo tenetur modi nobis rem.',1,0,'2019-12-28 20:55:06','1975-03-18 16:52:52'),(15,15,15,'Cumque dolor eum id delectus rerum voluptates occaecati. Assumenda minus vero voluptatem veritatis qui.',0,1,'2006-10-30 18:13:39','1988-08-09 13:35:49'),(16,16,16,'Exercitationem ipsam veniam autem est sit. Aliquam dolor at quae et quia non architecto. Tempora ducimus praesentium quibusdam cupiditate impedit fugit. A doloribus dolor autem voluptatibus hic atque.',1,1,'1996-05-04 04:30:04','1980-07-22 05:02:01'),(17,17,17,'Velit omnis est quia officia molestiae. Aperiam qui aut sequi natus. Ut architecto neque totam eligendi alias harum quia.',0,0,'1984-05-04 11:46:42','1987-04-15 22:21:04'),(18,18,18,'Animi vel voluptas ipsum cum blanditiis ducimus. In quia laborum quaerat enim et et et. Omnis omnis vel iusto et blanditiis maiores enim sunt.',0,0,'1987-06-29 02:06:44','1996-07-08 23:32:22'),(19,19,19,'Quo veniam qui dicta vero aspernatur. Doloremque nisi aliquid molestiae accusamus rerum dolor. Officiis repudiandae quia quia nesciunt molestiae sed distinctio. Error voluptatem modi et voluptas. Qui aut laborum vel nisi.',0,1,'2014-01-17 20:53:29','2018-05-05 21:47:49'),(20,20,20,'Ullam est et atque et explicabo voluptatem eius. Ex inventore velit doloribus error eligendi aspernatur. Eum odit doloremque esse aperiam et voluptatibus quia. Nesciunt impedit eveniet explicabo molestiae aliquid eum.',1,0,'1973-07-01 12:35:31','2005-04-24 03:35:29'),(21,21,21,'Iste natus et dolores voluptatem. Autem consequatur id expedita velit ex ut ut et. Voluptas explicabo at eum non suscipit laudantium et omnis.',0,0,'2007-02-24 15:30:49','2019-06-14 14:57:19'),(22,22,22,'Sit velit et et voluptates vero. Suscipit quod molestiae et provident est. Et eligendi inventore assumenda officia dolorum repudiandae vitae. Voluptatibus quo vel natus et.',0,1,'1984-06-05 07:32:45','1991-07-23 06:03:12'),(23,23,23,'Eligendi voluptatem illo accusamus est. Enim quia molestiae ut rerum quia perferendis est.',1,0,'2014-02-27 15:11:55','1980-09-25 18:37:13'),(24,24,24,'Error animi officia et repellendus ratione et rem. Et rerum est animi. Quos vero voluptatem ut nostrum. Nemo aliquid sed sunt molestiae.',1,1,'2015-10-14 17:11:55','1983-04-27 15:20:45'),(25,25,25,'Tenetur quas delectus voluptatem sit impedit aperiam. Omnis voluptas odio vitae. Voluptatem impedit suscipit vel omnis exercitationem non.',0,1,'2007-07-29 20:02:08','2017-01-21 22:09:25'),(26,26,26,'Sapiente dolorem error quas consequatur exercitationem aut. Aliquid voluptatem saepe ipsam sunt non quia reiciendis.',0,0,'1991-12-13 03:01:37','1985-09-02 09:14:12'),(27,27,27,'Hic in facere placeat aut. Vel est voluptas iste voluptatibus voluptatem amet. Nihil voluptate nihil fugit ducimus beatae minus.',0,0,'2018-06-26 14:34:15','2019-09-11 00:31:46'),(28,28,28,'Qui nihil ipsam eveniet quam. Voluptatum voluptatem ad cumque ut rerum. At et nemo reiciendis hic provident recusandae ducimus. Hic nulla aut voluptates corporis natus itaque in consequatur.',1,1,'1982-01-27 20:30:36','1986-09-07 20:29:03'),(29,29,29,'Aut qui earum ut porro non ad. Voluptas nihil dolor provident officia ut non aperiam. Molestias qui qui temporibus doloremque quia laboriosam ratione consequuntur.',0,0,'2004-01-16 21:03:47','1999-09-09 08:16:51'),(30,30,30,'Et itaque quaerat consequuntur ex nulla nam. Et sit officiis voluptatum adipisci autem occaecati culpa magnam. Qui consectetur eaque eos et quia.',1,1,'2019-10-16 04:03:29','1980-11-20 21:05:16'),(31,31,31,'Eligendi perspiciatis provident numquam est et. Omnis cumque et non quos consequatur rerum et. Debitis animi quis provident amet et. Animi recusandae et aperiam rem enim rerum odit.',1,0,'2017-01-28 20:31:19','1980-12-19 06:49:28'),(32,32,32,'Beatae voluptas non temporibus consequuntur. Dolores vel placeat fugiat architecto. Nostrum dolor ea ipsam nihil nisi.',1,0,'2005-10-27 12:59:56','1992-08-27 11:37:05'),(33,33,33,'Unde accusamus voluptatem totam expedita similique et. Minus modi labore ea enim officia dicta quaerat. Minus et aspernatur quo dolorem repudiandae.',0,1,'1994-08-28 14:14:46','1985-09-06 06:12:18'),(34,34,34,'Ipsum sunt quia dolores quasi. Exercitationem omnis exercitationem provident corporis alias. Enim ratione necessitatibus molestiae sequi.',0,0,'1997-10-18 08:56:54','1971-11-25 10:34:39'),(35,35,35,'Voluptates consequatur placeat sequi occaecati quis quis distinctio. Eveniet accusamus veniam sapiente consectetur aut et. Quo eum ullam ut illum distinctio magni voluptate neque. Et magnam repellat sunt itaque quam necessitatibus.',0,0,'1988-12-22 11:35:38','1975-05-14 16:48:22'),(36,36,36,'Minima itaque aperiam est ut est impedit vitae occaecati. Non quia eos praesentium ipsam fugiat incidunt. Voluptatem amet necessitatibus et non laboriosam consectetur et.',0,0,'2005-04-22 23:46:58','2006-06-15 03:33:36'),(37,37,37,'Qui ut debitis sed culpa quis. Voluptas et veniam sed est aliquam vitae rerum. Quis ut ad rerum quia maxime ut.',0,0,'2017-09-15 00:40:23','1992-09-27 10:45:38'),(38,38,38,'Consequatur eos corrupti accusamus sit ducimus rerum. Ad dignissimos deleniti doloremque est eos quisquam. Odit dolores temporibus odio soluta velit. Temporibus quis voluptates modi.',1,1,'1999-01-20 18:54:13','1977-09-11 03:32:09'),(39,39,39,'Consequatur ea architecto et voluptatibus dignissimos hic sit. Omnis qui deleniti ut culpa. Pariatur rerum aut odit omnis.',1,1,'2008-04-13 10:29:14','2012-05-22 19:48:38'),(40,40,40,'Qui quia deserunt qui enim repudiandae et. Expedita est numquam cum iusto ipsam at. Perferendis aliquam asperiores et quia molestiae magnam dolores ut. Culpa labore quia incidunt autem perferendis non quibusdam enim. Est id et sint.',1,1,'2004-08-09 19:44:48','1994-12-03 01:48:40'),(41,41,41,'Qui est qui eum saepe nihil. Omnis et sed laborum quia magnam blanditiis. Fuga excepturi qui modi blanditiis cupiditate. Rem iusto quisquam culpa expedita voluptatem nam quibusdam.',0,0,'2019-01-12 01:49:03','1977-11-03 06:59:34'),(42,42,42,'Nam deserunt quidem eum officia ut adipisci consequatur inventore. Esse quas laborum impedit aut. Quibusdam rem inventore et nostrum facere eius ut. Ipsum non ipsum vel corrupti repellendus aliquid et.',1,1,'1993-09-04 14:41:56','1977-08-05 09:55:23'),(43,43,43,'Non necessitatibus ut architecto fugiat. Quam reprehenderit culpa quam laboriosam velit et. Officia voluptas molestiae temporibus quasi asperiores similique ad. Optio voluptatem autem consequuntur quos aut mollitia. Sed mollitia velit omnis facere.',1,1,'1986-08-29 04:29:22','1977-02-02 18:50:07'),(44,44,44,'Earum quo aut voluptatem at. Qui natus aut non. Laudantium ut est ut est aliquam inventore est.',0,0,'2005-05-05 15:53:16','1986-09-24 02:18:08'),(45,45,45,'Dignissimos id qui ad atque quos dolorem. Minima provident nisi dicta ad et ad esse reiciendis. Blanditiis quo ut rerum natus officia excepturi provident.',1,1,'2000-05-02 18:47:23','2007-06-15 09:46:20'),(46,46,46,'Facere amet similique eos. Enim placeat in omnis praesentium voluptatem ipsa. Necessitatibus quibusdam omnis qui ut voluptatem.',1,1,'1973-01-19 09:00:17','2018-10-17 10:44:45'),(47,47,47,'Sit eaque est culpa debitis. Ut quasi quo sit qui ipsum in ipsa omnis. Consequatur pariatur accusantium ut enim.',0,1,'1997-03-07 11:55:56','1992-09-01 07:50:49'),(48,48,48,'Animi similique consequatur saepe aut in eius eum. Saepe quia quos animi et explicabo dolorum. Id quos et alias debitis velit natus dolor et.',1,0,'2002-04-07 01:44:49','2006-09-15 11:19:48'),(49,49,49,'Ut nemo impedit aut voluptas totam tempora aliquid magnam. Vel vel qui soluta ut dolores et. Illo eaque aut eum ea quis. Magnam natus rerum nesciunt beatae sed esse non. Quasi culpa nemo exercitationem ipsa deleniti est sapiente.',0,0,'1977-01-01 19:00:23','2015-02-26 19:55:13'),(50,50,50,'Aut repellat omnis voluptatibus fugit est. Harum cupiditate excepturi et ut quia nemo quidem libero. Ad nobis est eos quia molestias mollitia adipisci.',1,0,'1989-09-18 15:28:00','1988-03-11 00:52:18'),(51,51,51,'Officiis voluptate sint facilis rerum minima laborum. Enim earum voluptates maiores est consequatur accusantium molestias. Est ipsa et voluptas neque temporibus ex neque.',0,1,'1990-04-16 09:39:29','1999-07-13 10:39:20'),(52,52,52,'Inventore et aut vel maiores quidem. Sed maxime molestiae asperiores laboriosam deleniti sit. Omnis laborum libero ratione voluptatem saepe. Ipsum esse velit beatae.',0,0,'2006-04-11 12:07:10','1997-12-24 11:27:56'),(53,53,53,'Qui quas laudantium doloremque sunt optio quibusdam nulla. Unde sapiente asperiores unde est odit accusantium itaque. Dolores quisquam nihil non veniam molestiae.',0,1,'1995-10-23 12:51:45','1974-01-07 20:15:00'),(54,54,54,'Et id aut aut eligendi sint. Temporibus dolorem est voluptatem enim. Qui recusandae consequatur explicabo minima blanditiis non. Exercitationem sequi assumenda corrupti id qui vel.',0,0,'1975-12-07 11:37:10','1977-11-24 15:47:26'),(55,55,55,'Quia modi odit alias qui sit assumenda. Omnis et soluta praesentium est qui harum suscipit. Et nihil alias dolores laborum ut voluptatum. Ducimus iure eum quia fugiat quas.',1,1,'2016-10-04 07:00:32','2017-07-29 23:46:56'),(56,56,56,'Ipsum cupiditate rerum non dolor alias et ad a. Molestiae velit vitae eos magni corporis eum. Iusto quas qui id nemo dicta earum similique. Nihil distinctio corrupti beatae ullam assumenda sit.',0,1,'2019-01-04 23:36:27','1992-07-11 05:06:01'),(57,57,57,'Ut tenetur iste quibusdam deleniti id officiis. Ad delectus neque accusamus qui ullam nam cupiditate. Enim quis dolores ad.',0,0,'2003-01-22 16:03:40','2015-10-13 00:38:43'),(58,58,58,'Aspernatur repellendus omnis consequatur veritatis accusantium molestias. Laboriosam sed doloremque dolore sequi suscipit. Commodi error facilis sint consectetur vitae dolores eos quis. Ullam dolores ea beatae autem et voluptatum qui.',0,1,'1996-09-30 12:39:56','1994-12-01 05:33:11'),(59,59,59,'Ut nam dolorem laboriosam veritatis. Quasi vel et ducimus qui. Qui eveniet inventore facilis est. In ea tenetur expedita officiis aspernatur nulla aut.',0,0,'1980-01-11 21:42:43','1981-05-22 19:31:36'),(60,60,60,'Nihil autem veritatis temporibus facere ullam. Occaecati qui est eaque aperiam sapiente velit velit. Eveniet quas iusto accusantium qui asperiores voluptatem excepturi.',0,0,'1990-02-11 03:21:55','2008-12-05 02:03:07'),(61,61,61,'Cum possimus nihil soluta sunt sint. Quis nostrum ut et eum illo.',1,1,'1973-06-25 09:37:14','2004-01-30 04:37:29'),(62,62,62,'Deleniti tenetur architecto eligendi distinctio ut. Perspiciatis fugiat mollitia debitis natus. Deserunt molestiae enim dolor eum odit unde ut. Fuga voluptas nemo cupiditate error.',0,0,'1983-06-07 07:45:28','2009-03-24 09:31:10'),(63,63,63,'Ut dolor ab ratione corrupti qui. Culpa vel omnis unde consequatur in a. Harum molestias at rerum similique neque totam rerum.',1,1,'1982-01-25 23:07:39','2007-11-01 21:59:00'),(64,64,64,'Nam omnis consequuntur vel atque alias hic sint. Vel necessitatibus inventore commodi. Sapiente quis enim nihil ut eaque.',1,1,'1989-01-28 01:36:29','2004-08-15 02:22:34'),(65,65,65,'Quas quos optio quod voluptates. Quos quo voluptas nihil pariatur voluptas. Sit itaque aut impedit dolorum velit reiciendis esse.',1,0,'2011-04-14 22:40:23','2010-08-30 14:54:49'),(66,66,66,'Qui ullam ut culpa nam expedita minus explicabo. Aut omnis atque facilis ut quia. Quo est alias aut cum error voluptas.',1,1,'1986-11-16 06:38:16','2006-08-31 09:15:59'),(67,67,67,'Est laudantium harum aut a voluptas. Possimus vero veniam ut distinctio velit. Quia facilis voluptatem unde occaecati ut. Consectetur fuga eum beatae dolores sint.',0,0,'1984-06-22 15:03:33','1977-02-27 21:33:26'),(68,68,68,'Non occaecati est aut. Ullam quas facilis pariatur et culpa officia explicabo. Iste voluptatum commodi voluptatem commodi. Placeat velit et iste quia non.',0,1,'2019-10-10 22:36:36','2020-08-23 13:12:12'),(69,69,69,'Deserunt rerum iusto possimus et cum perferendis voluptate corrupti. Architecto aliquam dolorem quo doloremque velit. Facere corporis ducimus animi voluptas qui vero aut. Provident pariatur fugit voluptas quia accusantium.',0,0,'2005-10-25 09:48:39','1990-02-10 15:25:13'),(70,70,70,'Hic enim aspernatur quis voluptatem. Nihil omnis et qui ullam fuga. Libero vel et consequatur libero voluptas consectetur unde numquam.',0,1,'1974-02-12 23:14:46','1981-12-13 23:44:49'),(71,71,71,'Nisi ipsa et quis rerum doloribus molestias quo. Hic cumque quibusdam sunt quibusdam suscipit. Et at omnis est porro inventore nihil maxime.',0,1,'1978-01-27 22:42:24','1994-03-06 21:03:05'),(72,72,72,'Labore molestiae ut quo. Sint veritatis corrupti ab qui. Inventore qui autem non exercitationem vel qui.',0,1,'1998-11-01 08:36:52','2012-01-17 03:04:56'),(73,73,73,'Voluptatem labore cupiditate voluptas eos ut. Illo sunt qui quaerat nostrum nihil. Incidunt laborum quia perferendis sunt.',0,0,'2014-05-17 21:28:02','1973-06-28 23:37:36'),(74,74,74,'Magni voluptatem aut laudantium sed amet. Impedit modi sint voluptatem ex. Maiores voluptate quod aliquid blanditiis.',0,1,'1987-08-21 18:35:53','1977-03-31 15:17:33'),(75,75,75,'Autem placeat porro amet dolorem veniam eum enim. Voluptatem eius rerum inventore accusamus soluta fugit reiciendis. Occaecati iste dolorum et architecto quo autem. Officiis natus placeat qui alias quis.',1,0,'1974-02-15 12:59:34','1999-12-17 10:20:10'),(76,76,76,'Facere error autem in fugit corporis eos est. Magnam molestiae perferendis dolorem soluta quod molestiae saepe. Dicta est vel et aut ex iure. Aperiam quasi officiis eaque repellendus et doloremque sed.',1,1,'1997-05-19 22:54:53','2003-12-25 13:09:42'),(77,77,77,'Fugiat omnis est ex consequatur est ullam id. Deleniti aut voluptas quidem porro. In facilis magni architecto dolorum. Quod non animi et reiciendis distinctio autem exercitationem.',1,1,'1991-01-28 12:53:33','1975-08-23 23:52:36'),(78,78,78,'Neque esse architecto aspernatur exercitationem aspernatur sit accusantium. Sit magni itaque non perspiciatis et explicabo tempore ad. Voluptatem possimus reprehenderit labore reprehenderit.',1,1,'2018-12-29 08:03:26','1980-09-25 02:16:35'),(79,79,79,'Ducimus officiis cupiditate ducimus ut. Labore tenetur id cumque vel consequatur. Nam eum ut aliquam cum nobis accusamus.',0,1,'1983-06-24 21:05:57','1970-01-15 08:05:00'),(80,80,80,'Dolorem quod est non et qui ipsum. Est incidunt nulla molestiae assumenda nostrum voluptas. Impedit quas illo neque deleniti magni aut beatae non.',1,0,'2007-09-30 05:20:23','1984-04-20 03:32:04'),(81,81,81,'Qui eveniet commodi quasi deserunt dolore quidem qui quod. Aut quia tempora explicabo sed nobis aperiam quo. Rerum consequatur quo omnis saepe.',0,0,'1998-03-22 19:02:41','1986-03-26 06:12:30'),(82,82,82,'Velit adipisci occaecati impedit fuga repudiandae ea nemo reiciendis. Impedit consectetur et ad et velit omnis. Atque aperiam commodi qui pariatur enim commodi. Tempore debitis deserunt quos numquam dolorem debitis.',0,1,'2016-06-13 18:58:39','1995-05-03 17:13:53'),(83,83,83,'Quos quis eius quibusdam et atque voluptatem voluptatum. Ea ut tempore dolorem officia. Ullam quos quis voluptatem numquam et.',0,1,'1975-06-23 00:14:47','1976-10-21 04:40:03'),(84,84,84,'Et qui omnis sit quis. Atque eum nostrum autem aliquam facilis.',0,0,'1985-06-04 23:43:11','2013-01-17 07:19:12'),(85,85,85,'Voluptatem dolor ut quasi nihil similique. Ullam ea laborum fugiat rerum minima. Molestias atque numquam odit.',1,1,'1972-11-16 00:22:03','2009-08-15 10:16:28'),(86,86,86,'Est repellat aut officiis fugit distinctio magnam porro. Voluptatem eligendi inventore ducimus ut ut iure. Quis unde voluptate quos et facilis aut id repudiandae. Aliquam architecto qui sed atque nulla repellat aut modi.',1,0,'1992-01-06 18:28:10','1992-11-15 23:06:30'),(87,87,87,'Sint excepturi id sit. Et quia impedit eveniet velit rerum. Quia et voluptas veniam molestias nemo cum ratione. Nemo ipsam temporibus sit nulla ratione officiis. Ab voluptas quaerat porro ut repellendus.',1,1,'1998-12-09 13:10:54','2011-01-01 17:04:45'),(88,88,88,'Asperiores necessitatibus dolor quas sunt vitae aspernatur. Quo qui accusantium est nam accusantium dolores rerum.',0,1,'2001-11-05 04:31:04','1970-04-05 04:37:10'),(89,89,89,'Occaecati iusto qui provident voluptas illo. Amet explicabo quaerat consectetur numquam quam similique. Hic architecto dolores minima doloremque sit corrupti consequatur.',1,0,'1974-07-10 17:02:39','2008-09-04 19:49:21'),(90,90,90,'Sed sunt laudantium necessitatibus reprehenderit inventore sequi. Et harum qui rem in accusamus est. Iste accusamus vel repellendus a.',1,0,'2016-03-11 05:24:53','2017-02-05 17:38:12'),(91,91,91,'Possimus enim optio et ut qui molestias. Consequatur laborum cumque repudiandae enim. Amet non nisi corporis sit rerum et unde.',1,0,'2012-11-25 13:51:46','1972-04-27 02:04:34'),(92,92,92,'Tenetur sunt qui est in eaque quo. Ipsam in in consequatur omnis a perspiciatis quia. Corrupti aliquam dolorem ipsa. Occaecati sint qui maiores qui.',0,0,'1989-09-19 02:46:03','1990-07-11 10:19:33'),(93,93,93,'Minus nisi omnis rerum. Ut placeat illum velit et et eum velit. Necessitatibus odio voluptatem est magni.',0,1,'1998-07-19 06:13:20','1975-05-20 11:33:28'),(94,94,94,'Optio cupiditate tempora ab sit ut magnam velit. Quia nihil error fugiat aspernatur eveniet quae. Aperiam distinctio id consequatur occaecati minus minus perferendis. Quasi nesciunt et rem quos incidunt dolorem placeat.',0,1,'1987-04-06 10:14:55','2016-06-16 02:17:23'),(95,95,95,'Modi incidunt molestias aut sit rerum. Eos maiores autem ad sequi autem nam et. Modi est quibusdam sed officia illum sapiente.',1,1,'2013-12-30 04:03:35','2016-06-23 22:12:09'),(96,96,96,'Non eius non omnis quibusdam error. Aut rerum alias est. Ut sunt quia reiciendis ut.',0,0,'1991-05-19 22:31:23','2002-12-18 19:49:54'),(97,97,97,'Ullam consequatur voluptas ea quo. Nesciunt est beatae magni dolor. Sit autem nihil neque laudantium.',1,1,'1970-02-26 08:58:25','1999-06-22 12:35:34'),(98,98,98,'Sequi et provident accusamus mollitia nemo tenetur. Dolor debitis aliquid error consectetur corporis laudantium numquam quia. Eius est dolores sed sint illo.',0,0,'1998-10-06 20:26:14','2009-07-17 15:29:48'),(99,99,99,'Nobis deleniti ea eum aliquam recusandae dolorum. Laboriosam vel voluptatum sit. Aliquam et nam voluptas velit dolor vitae et. Soluta dolorem quia optio tempore.',0,1,'1996-03-23 15:38:38','2006-05-30 17:50:46'),(100,100,100,'Nostrum tenetur voluptas nobis sit maiores quam cumque. Voluptas qui molestias et nobis corporis. Qui consequatur tempore et maxime aliquam aut sunt. Quae suscipit quo consequuntur reiciendis et voluptatem et. Libero adipisci dolores officiis et.',1,0,'1971-04-21 04:06:15','2007-03-24 21:20:38');
/*!40000 ALTER TABLE `messages` ENABLE KEYS */;
UNLOCK TABLES;

--
-- Table structure for table `profiles`
--

DROP TABLE IF EXISTS `profiles`;
/*!40101 SET @saved_cs_client     = @@character_set_client */;
/*!50503 SET character_set_client = utf8mb4 */;
CREATE TABLE `profiles` (
  `user_id` int unsigned NOT NULL COMMENT 'Ссылка на пользователя',
  `gender` char(1) CHARACTER SET utf8 COLLATE utf8_unicode_ci NOT NULL COMMENT 'Пол',
  `birthday` date DEFAULT NULL COMMENT 'Дата рождения',
  `photo_id` int unsigned DEFAULT NULL COMMENT 'Ссылка на основную фотографию пользователя',
  `status` varchar(30) CHARACTER SET utf8 COLLATE utf8_unicode_ci DEFAULT NULL COMMENT 'Текущий статус',
  `city` varchar(130) CHARACTER SET utf8 COLLATE utf8_unicode_ci DEFAULT NULL COMMENT 'Город проживания',
  `country` varchar(130) CHARACTER SET utf8 COLLATE utf8_unicode_ci DEFAULT NULL COMMENT 'Страна проживания',
  `created_at` datetime DEFAULT CURRENT_TIMESTAMP COMMENT 'Время создания строки',
  `updated_at` datetime DEFAULT CURRENT_TIMESTAMP ON UPDATE CURRENT_TIMESTAMP COMMENT 'Время обновления строки',
  PRIMARY KEY (`user_id`)
) ENGINE=InnoDB DEFAULT CHARSET=utf8 COLLATE=utf8_unicode_ci COMMENT='Профили';
/*!40101 SET character_set_client = @saved_cs_client */;

--
-- Dumping data for table `profiles`
--

LOCK TABLES `profiles` WRITE;
/*!40000 ALTER TABLE `profiles` DISABLE KEYS */;
INSERT INTO `profiles` VALUES (1,'j','2018-02-16',1,'Beatae libero qui necessitatib','Cliffordland','Australia','2017-08-27 01:23:06','1989-01-24 19:33:06'),(2,'h','2004-03-26',2,'Voluptatem itaque dolor porro ','East Carolshire','Saint Lucia','2019-10-25 19:28:04','2018-12-09 04:22:15'),(3,'c','1972-02-03',3,'Doloribus dolore libero saepe ','Lake Sadie','Ukraine','2019-02-06 18:58:00','2003-09-09 02:42:05'),(4,'r','2017-03-04',4,'Alias eos fugiat ex eos volupt','West Malinda','Romania','1983-05-16 17:39:14','2005-01-13 09:59:54'),(5,'v','1992-01-17',5,'Omnis provident quia ipsa veli','Nikolausberg','Gabon','1983-11-21 21:20:26','2010-12-25 00:50:31'),(6,'e','2011-04-22',6,'Recusandae nihil est voluptas ','Zanderton','Venezuela','1992-10-02 01:02:37','1976-08-20 03:56:30'),(7,'z','2013-11-19',7,'Enim excepturi perspiciatis et','McLaughlinchester','Macao','2007-08-16 12:04:19','1989-12-27 01:54:22'),(8,'i','2005-03-05',8,'Reiciendis alias dolorem maior','Hansenland','Cape Verde','1977-12-23 04:11:16','2017-12-16 16:21:58'),(9,'c','1998-12-02',9,'Dignissimos fugiat culpa praes','South Mervintown','Ecuador','1979-08-26 19:00:04','1988-05-04 07:33:17'),(10,'x','1992-04-19',10,'Culpa omnis quasi quidem harum','Aydentown','Svalbard & Jan Mayen Islands','1976-08-04 08:08:25','1986-05-17 17:03:48'),(11,'r','2013-01-10',11,'Veniam tempore tempora qui eos','West Genesis','Greenland','1989-02-05 19:46:13','1984-05-17 21:05:23'),(12,'u','2009-02-11',12,'Praesentium beatae voluptas qu','Madonnaside','Moldova','2000-03-29 02:56:30','1980-01-22 21:44:52'),(13,'e','2014-10-09',13,'Optio inventore consequatur mi','Hazelborough','Svalbard & Jan Mayen Islands','2006-11-11 21:01:10','1971-01-27 20:33:21'),(14,'n','1977-10-02',14,'Sint ab nemo modi dolorum maio','Julesview','Argentina','2011-05-12 23:08:59','2013-01-24 13:30:50'),(15,'m','2000-07-20',15,'Aut sed et repudiandae ducimus','Veumhaven','Macao','1996-04-04 19:42:42','1971-08-29 01:27:03'),(16,'x','1984-12-22',16,'Consequatur sit pariatur tempo','West Jordy','Dominica','1998-06-29 13:48:57','1997-12-24 12:48:05'),(17,'p','2002-09-11',17,'Voluptate quam minima necessit','Davisbury','Bangladesh','1994-07-15 03:01:14','2001-11-17 18:36:52'),(18,'o','1986-11-08',18,'Ea quasi nisi ipsam laborum. A','West Catherineborough','Burundi','1970-04-13 12:05:53','1978-03-22 17:48:28'),(19,'y','1987-01-12',19,'Quas incidunt magnam consequat','Lake Americostad','Mongolia','1989-02-02 05:06:53','1981-08-01 18:39:33'),(20,'l','1991-01-05',20,'Ex vitae quibusdam ut voluptas','Port Don','Antigua and Barbuda','1977-07-15 22:42:52','2001-11-03 08:17:20'),(21,'b','2009-11-09',21,'Repellat quidem quod magnam la','Janfurt','Korea','2007-12-18 08:27:05','2015-06-25 07:10:05'),(22,'v','2020-03-11',22,'Eos ducimus officiis corrupti ','New Merlinberg','Niue','1971-01-25 16:53:55','1985-07-09 09:00:01'),(23,'e','1971-06-26',23,'Quae dolores autem iure repreh','North Ava','Saint Pierre and Miquelon','1987-01-06 05:09:12','2005-11-07 23:00:35'),(24,'e','1999-06-27',24,'Maiores ea provident veritatis','New Janae','Guadeloupe','1985-08-22 15:26:51','1999-03-28 04:32:36'),(25,'m','1973-03-07',25,'Tempore maiores omnis modi vel','Bechtelartown','Cote d\'Ivoire','1995-07-28 06:09:52','1973-10-07 16:01:01'),(26,'u','2015-07-10',26,'Soluta nobis magni eum. Aut nu','Luettgenberg','Canada','2006-11-25 07:08:03','1978-02-18 18:57:10'),(27,'z','2007-07-19',27,'Ipsa quis impedit praesentium ','Port Neomachester','New Zealand','1976-05-28 12:32:22','1977-05-20 09:47:14'),(28,'w','1973-03-01',28,'Cumque unde ea sint tempora su','Andresberg','Argentina','2019-06-30 00:00:02','2000-03-14 13:55:47'),(29,'p','1996-08-23',29,'Possimus quo qui dolores. Eos ','North Kenyattastad','Indonesia','1993-10-31 00:09:57','1990-08-21 21:42:08'),(30,'i','1996-06-22',30,'Neque quia aut sint magni. Rep','Wiegandshire','United Kingdom','2011-01-24 11:32:49','2006-01-31 01:03:52'),(31,'j','2007-11-07',31,'Ratione necessitatibus sint ad','Lake Makennafurt','Bangladesh','1992-02-16 01:33:03','2020-02-07 16:39:32'),(32,'l','1995-05-02',32,'In libero quibusdam amet. Volu','Danielabury','Kuwait','1986-06-25 05:07:41','1976-04-21 07:46:26'),(33,'t','2017-04-18',33,'Consequatur repellendus id et ','Meaganstad','Brazil','1972-04-20 02:05:13','1976-01-27 16:58:26'),(34,'a','1990-04-30',34,'Quia enim beatae unde corporis','Kuhlmanburgh','Greenland','1996-10-20 12:27:26','1990-10-06 06:58:51'),(35,'o','2012-08-03',35,'Placeat consectetur et nisi qu','West Laurychester','Syrian Arab Republic','1989-01-26 03:46:51','1981-09-06 02:52:16'),(36,'p','2006-04-29',36,'Quod eveniet deserunt blanditi','Okunevabury','Palestinian Territory','2016-11-13 15:55:48','1984-03-23 12:38:53'),(37,'l','1974-12-10',37,'Alias ad recusandae et sapient','Ashaland','Kiribati','1973-12-21 22:48:40','2020-01-16 09:55:16'),(38,'p','1972-02-28',38,'Voluptas laboriosam nesciunt e','Batzside','Georgia','1983-06-22 17:10:49','1993-08-03 16:41:58'),(39,'k','2001-08-05',39,'Aspernatur nihil nam et sit vo','Destineeport','Papua New Guinea','2008-06-12 17:48:04','1982-10-16 06:16:33'),(40,'e','1991-04-25',40,'A praesentium autem commodi. C','South Forest','Mayotte','2001-12-30 09:23:35','2018-04-06 08:42:14'),(41,'f','1975-11-14',41,'Tempora deleniti soluta soluta','Vaughntown','San Marino','2011-07-09 08:30:56','2009-07-05 09:01:47'),(42,'o','1982-04-12',42,'Sapiente blanditiis nesciunt i','Conroyberg','Nepal','2019-01-26 16:51:10','1989-12-02 07:49:03'),(43,'q','1984-08-23',43,'Id rerum exercitationem quidem','West Mona','Montserrat','2001-05-23 15:42:50','1993-08-06 03:22:34'),(44,'d','2001-02-01',44,'Commodi odit asperiores minima','Gradyburgh','Spain','2016-09-20 12:29:32','1999-08-14 02:33:16'),(45,'t','2013-05-31',45,'Quia corrupti corrupti dolorib','Port Audrastad','Nicaragua','2015-05-26 18:40:09','1991-06-30 03:22:25'),(46,'e','2006-08-20',46,'Placeat beatae est et est. Max','Funkville','Croatia','1981-06-08 00:32:06','2010-01-16 15:35:12'),(47,'k','2008-11-02',47,'Libero perspiciatis adipisci r','Zemlakborough','Aruba','1994-10-04 21:38:11','2018-12-27 10:59:57'),(48,'b','2002-05-01',48,'Qui debitis earum fuga numquam','Serenaborough','Costa Rica','2010-06-04 07:29:20','1971-12-27 19:12:53'),(49,'j','1984-04-17',49,'Sint sapiente sit odit sed con','Tillmanport','Equatorial Guinea','1982-01-17 11:31:24','1970-02-07 01:51:06'),(50,'x','1974-02-06',50,'In rem fugit non itaque aut re','South Colefort','Saint Kitts and Nevis','1990-12-02 12:16:50','2013-10-01 10:31:13'),(51,'r','1971-09-29',51,'Quis explicabo sunt a et. Sint','Rolfsonville','Cote d\'Ivoire','2007-12-15 20:44:23','2008-05-28 12:02:25'),(52,'o','2010-08-24',52,'Voluptas ipsam ut ut voluptate','North Domenicoport','Honduras','2019-10-14 08:11:28','1994-08-28 13:00:13'),(53,'p','1993-04-14',53,'Enim dolor quis qui velit omni','New Claudinefort','Cocos (Keeling) Islands','2000-11-23 00:36:41','1974-06-10 00:44:03'),(54,'c','1997-02-09',54,'Alias voluptate doloribus sunt','Bogisichchester','Kazakhstan','2013-03-20 07:53:51','2014-04-20 16:40:45'),(55,'t','1993-06-06',55,'Aut sed aliquid laboriosam exp','South Sally','Hong Kong','1975-03-07 06:18:33','1972-08-28 11:06:58'),(56,'o','1978-06-15',56,'Nam quibusdam atque minima at ','West Reinholdstad','Yemen','2015-07-07 02:33:03','1984-01-22 19:37:03'),(57,'c','1994-10-06',57,'Et et ducimus odit laboriosam ','Lake Nora','Gabon','1989-06-18 15:23:38','1996-05-18 10:31:27'),(58,'a','2010-05-14',58,'Debitis dolore minus consequun','North Prince','Bermuda','1980-12-07 06:01:28','2012-07-22 09:43:13'),(59,'m','1974-08-23',59,'Voluptatem eum modi suscipit q','Laylaland','Djibouti','1990-10-26 21:51:11','1979-08-03 18:48:37'),(60,'c','1989-04-07',60,'Est laboriosam nihil hic incid','Wayneberg','Gambia','1997-10-18 05:31:15','2012-07-17 00:54:58'),(61,'e','2018-07-19',61,'Eos ipsa saepe aut qui quas qu','Lubowitzbury','Ireland','2004-06-03 00:06:20','1992-05-08 07:02:36'),(62,'g','2013-09-05',62,'Voluptas hic nemo ut ut praese','New Hipolito','Italy','2005-09-11 03:07:32','1971-06-10 11:37:29'),(63,'s','2012-03-13',63,'Dolor voluptatem consequatur d','Antoinettebury','Vanuatu','1987-03-11 22:37:21','1995-07-07 16:57:06'),(64,'r','1987-04-19',64,'Ratione animi autem nihil. Qui','New Domenic','Israel','1984-10-04 17:39:20','2002-03-02 19:21:20'),(65,'z','2002-04-29',65,'Repellat quo impedit omnis dol','Lake Alberthabury','Dominican Republic','1982-11-19 00:31:46','1988-12-10 22:30:40'),(66,'v','2012-07-09',66,'Voluptatem eaque laborum sapie','South Cameron','Greenland','1970-10-25 21:20:16','2011-10-19 09:02:05'),(67,'h','1978-10-08',67,'Molestias deleniti laboriosam ','South Carissa','Vietnam','1984-09-18 04:14:25','2008-11-09 04:26:47'),(68,'q','2000-11-12',68,'Nemo facere rerum suscipit qua','Lake Delphine','Antigua and Barbuda','1988-02-25 10:53:31','1993-01-12 20:39:55'),(69,'w','1991-11-26',69,'Dolorem architecto quia quibus','Bethanyside','Qatar','2000-07-03 13:05:59','1995-06-08 06:41:57'),(70,'k','1999-05-05',70,'Amet delectus eligendi ea nobi','East Jamar','Jamaica','1970-04-03 02:55:59','2018-12-31 16:12:29'),(71,'q','2013-07-10',71,'Repudiandae quo aut quod error','Riceside','Haiti','1992-07-04 08:36:31','2005-01-12 22:53:26'),(72,'j','2009-10-13',72,'Modi delectus sit atque tempor','South Art','Ethiopia','2010-07-01 09:14:21','1975-07-17 16:07:00'),(73,'k','1988-12-06',73,'Et ut non sunt nobis qui et. T','North Barneychester','Ecuador','1972-09-11 23:53:12','2014-07-04 15:06:47'),(74,'w','2002-02-23',74,'Mollitia dolorum in sint dolor','Abrahamchester','Namibia','2001-07-21 23:19:36','1998-05-12 08:43:33'),(75,'u','2005-03-16',75,'Quo quam commodi praesentium q','Spinkabury','Tunisia','1982-11-21 02:39:11','1985-08-08 00:20:28'),(76,'w','2012-05-28',76,'Molestiae aut aut id at. Offic','Port Frieda','Moldova','1978-02-13 01:47:01','1989-07-17 08:31:23'),(77,'l','2002-06-15',77,'Atque fugiat modi cum voluptat','Wisozkmouth','Rwanda','1972-08-07 05:33:29','2003-07-15 07:52:22'),(78,'b','1988-05-11',78,'Iure qui eum veniam quis tempo','Dachfurt','Russian Federation','2009-12-19 17:07:37','1991-06-16 05:03:42'),(79,'o','2005-10-13',79,'Voluptatem ipsum neque ut fuga','Millershire','Panama','2004-08-17 17:11:42','2010-01-11 12:39:26'),(80,'r','2007-10-05',80,'Distinctio aut molestiae aut n','East Mitchelside','Albania','2000-07-05 06:20:50','1999-01-03 17:33:02'),(81,'l','1992-04-12',81,'Recusandae corporis impedit au','Schulistshire','Sweden','2020-05-06 07:31:05','2012-10-11 09:41:02'),(82,'q','1981-12-22',82,'Est officiis in nihil fugiat f','Lake Cyrustown','Mali','1975-12-29 14:02:19','2008-04-04 01:57:11'),(83,'h','2001-07-14',83,'Rerum qui voluptatum cumque qu','Sporerbury','Mauritius','2008-05-31 09:50:04','1976-11-03 22:26:31'),(84,'j','1992-06-20',84,'Labore veritatis quia unde vol','Farrellmouth','Germany','2020-09-13 05:08:41','1975-09-15 09:36:36'),(85,'c','2011-08-27',85,'Iure modi quibusdam odio velit','South Berta','Bosnia and Herzegovina','1971-05-29 01:29:03','1991-10-20 14:13:14'),(86,'k','2011-07-03',86,'Nihil sit velit animi optio fa','Swiftshire','Samoa','1978-05-20 17:21:16','2015-08-02 15:07:05'),(87,'d','1976-07-08',87,'Ducimus praesentium nemo sint ','Durganhaven','Burundi','1983-10-22 02:03:12','1981-08-05 06:35:24'),(88,'a','2006-01-16',88,'Voluptas necessitatibus itaque','Spinkashire','Latvia','2010-05-11 14:36:24','2002-08-02 22:45:09'),(89,'d','1982-07-10',89,'Libero vero fugiat molestias p','Estellfort','Western Sahara','1983-11-05 04:01:24','1985-02-06 20:49:29'),(90,'i','2002-10-12',90,'Cumque error sed soluta tempor','Bartonchester','Malta','2005-10-01 16:53:00','1970-08-24 19:49:30'),(91,'b','1970-10-21',91,'Rerum similique maxime volupta','Casperside','French Southern Territories','2001-04-17 23:10:12','2011-09-15 04:02:27'),(92,'f','1993-09-09',92,'Ea voluptas consectetur sed qu','Walkerfurt','Andorra','1990-03-03 14:00:25','2016-10-21 21:30:19'),(93,'l','2003-06-21',93,'Est sit aut voluptatum archite','Maiafurt','Costa Rica','1998-05-07 09:01:53','1973-10-24 21:14:11'),(94,'k','2018-05-14',94,'Ea sint et qui quod maiores el','Murazikberg','Tanzania','1973-07-20 03:38:53','1989-03-06 19:42:23'),(95,'i','1974-01-26',95,'Minus est et nihil voluptates ','Rennerside','Palestinian Territory','1992-05-29 13:27:13','1985-05-20 00:28:57'),(96,'h','2000-03-14',96,'Ut neque eveniet rerum assumen','Luettgenburgh','Western Sahara','1974-07-03 11:32:27','1993-02-21 18:07:22'),(97,'z','2018-06-26',97,'Corporis similique animi eum. ','Margarettbury','Latvia','2003-11-02 05:37:36','1977-01-28 23:38:08'),(98,'o','1985-03-07',98,'Officiis eius laudantium ut et','North Kenmouth','Colombia','2004-03-02 14:00:50','2013-05-13 18:17:35'),(99,'t','2009-08-11',99,'Magni laborum laboriosam ipsa ','Eastonside','Gibraltar','1980-12-21 15:42:59','1971-02-02 18:51:14'),(100,'f','1985-07-27',100,'Inventore nihil consequatur in','New Bria','Holy See (Vatican City State)','1984-04-12 08:43:17','1981-06-21 07:42:31');
/*!40000 ALTER TABLE `profiles` ENABLE KEYS */;
UNLOCK TABLES;

--
-- Table structure for table `users`
--

DROP TABLE IF EXISTS `users`;
/*!40101 SET @saved_cs_client     = @@character_set_client */;
/*!50503 SET character_set_client = utf8mb4 */;
CREATE TABLE `users` (
  `id` int unsigned NOT NULL AUTO_INCREMENT COMMENT 'Идентификатор строки',
  `first_name` varchar(100) CHARACTER SET utf8 COLLATE utf8_unicode_ci NOT NULL COMMENT 'Имя пользователя',
  `last_name` varchar(100) CHARACTER SET utf8 COLLATE utf8_unicode_ci NOT NULL COMMENT 'Фамилия пользователя',
  `email` varchar(150) CHARACTER SET utf8 COLLATE utf8_unicode_ci NOT NULL COMMENT 'Почта',
  `phone` varchar(25) CHARACTER SET utf8 COLLATE utf8_unicode_ci NOT NULL COMMENT 'Телефон',
  `created_at` datetime DEFAULT CURRENT_TIMESTAMP COMMENT 'Время создания строки',
  `updated_at` datetime DEFAULT CURRENT_TIMESTAMP ON UPDATE CURRENT_TIMESTAMP COMMENT 'Время обновления строки',
  PRIMARY KEY (`id`),
  UNIQUE KEY `email` (`email`),
  UNIQUE KEY `phone` (`phone`)
) ENGINE=InnoDB AUTO_INCREMENT=101 DEFAULT CHARSET=utf8 COLLATE=utf8_unicode_ci COMMENT='Пользователи';
/*!40101 SET character_set_client = @saved_cs_client */;

--
-- Dumping data for table `users`
--

LOCK TABLES `users` WRITE;
/*!40000 ALTER TABLE `users` DISABLE KEYS */;
INSERT INTO `users` VALUES (1,'Tyrel','Gaylord','msawayn@example.net','681.562.4711x228','2019-11-19 09:29:31','1987-04-20 09:24:12'),(2,'Alayna','Zemlak','west.ila@example.org','(118)928-9527x71430','1988-02-23 21:46:43','1986-08-29 15:01:57'),(3,'Julian','Welch','isabell09@example.net','+97(2)4576021060','2005-12-10 15:42:10','1972-12-19 10:36:04'),(4,'Concepcion','Schiller','columbus.huel@example.com','(522)639-3202x8584','2008-02-13 18:15:33','2016-04-23 20:31:49'),(5,'Harrison','Kilback','peggie.nicolas@example.com','134.636.0575x1743','1974-08-05 12:28:32','2000-04-25 14:49:16'),(6,'Crystal','Feeney','vgreen@example.org','453-893-2817','2001-06-29 00:27:57','1974-11-29 23:57:18'),(7,'Wilhelmine','Schowalter','srohan@example.org','1-216-570-3034','2012-01-20 05:41:00','1989-03-07 22:26:53'),(8,'Priscilla','Beahan','tania32@example.net','1-478-522-5097','2005-01-05 05:24:30','1997-05-23 17:52:06'),(9,'Glenda','Veum','marilyne26@example.org','1-825-952-6354x783','1978-04-20 08:46:41','2005-12-31 23:26:55'),(10,'Katelyn','Stanton','carolyne.reynolds@example.net','(673)617-3219x82088','1987-03-20 19:47:25','1986-11-28 10:00:39'),(11,'Cody','Marks','kenyatta90@example.com','(884)798-5656','1990-10-26 21:52:14','1991-12-27 23:45:34'),(12,'Manuel','Price','christa12@example.net','+02(0)7425868710','2002-02-27 22:14:36','2019-05-30 05:56:33'),(13,'Charlotte','Koelpin','mack.mante@example.org','1-472-594-2100','1999-02-20 05:07:49','1998-03-22 20:18:37'),(14,'Doyle','Lang','claudie33@example.com','300.675.2205','2018-12-08 02:51:42','1993-03-21 17:12:30'),(15,'Nova','Kozey','kareem.krajcik@example.com','1-329-976-7619x7520','2017-04-19 23:14:22','2013-10-25 22:08:03'),(16,'Jaquelin','Rohan','pkling@example.org','242-284-3486','1994-07-30 03:35:30','2009-05-01 04:23:08'),(17,'Alene','Stracke','grayce.parker@example.net','(763)478-9053x8577','1989-12-04 03:45:00','2010-04-11 01:37:33'),(18,'Abe','Reinger','waters.euna@example.org','1-292-723-1541','1991-07-04 03:33:30','2015-08-29 11:55:15'),(19,'Emmet','Jaskolski','sklein@example.net','101.740.6223x141','2016-12-16 19:42:19','2013-04-24 18:05:54'),(20,'Gerson','Waelchi','ursula.ratke@example.org','(893)886-8198','1972-01-12 05:49:42','2012-11-03 07:05:19'),(21,'Charley','Nikolaus','rau.herminia@example.org','303-771-5038','2012-04-09 14:46:39','2000-11-03 21:27:27'),(22,'Ryley','O\'Conner','xwalter@example.com','688-322-0723x08659','1997-05-28 22:00:17','1994-11-08 15:48:02'),(23,'Janiya','Welch','lonnie47@example.org','580.979.2615','2001-03-09 12:00:25','2006-08-19 05:11:06'),(24,'Quinton','Stehr','kzemlak@example.org','+15(3)3048586858','1998-07-21 06:09:55','1983-06-10 10:30:06'),(25,'Jazlyn','Grant','damian53@example.com','748-856-4658x25145','1971-02-27 06:39:56','2018-08-04 22:19:27'),(26,'Donnell','Jacobi','monte64@example.net','(186)576-8841','2000-06-14 12:57:35','2012-04-06 23:41:27'),(27,'Jazmin','Batz','rsipes@example.org','252.309.9984','1981-12-28 14:31:59','1971-06-16 09:05:36'),(28,'Carol','Daniel','dasia95@example.com','1-583-296-5857','1998-11-13 17:32:10','1980-06-03 16:08:20'),(29,'Delbert','Abbott','everette92@example.com','1-898-050-0101','2016-03-01 01:49:30','1976-02-26 13:26:38'),(30,'Paris','Erdman','abe.gaylord@example.net','09043718055','1971-09-05 04:14:13','2000-10-23 01:54:33'),(31,'Colleen','Rippin','ohammes@example.net','(885)784-3913x969','2019-12-21 15:42:56','1996-06-28 10:38:36'),(32,'Astrid','Lang','rafaela.deckow@example.org','1-448-565-2171','2011-04-05 15:37:12','2000-06-20 15:16:35'),(33,'Zita','Barton','spencer.erwin@example.net','(759)450-6455','1971-04-13 02:50:45','1994-10-13 17:02:41'),(34,'Conor','West','hweissnat@example.com','(638)266-2213','1990-12-17 23:46:18','1978-05-19 17:58:22'),(35,'Demarcus','Schinner','elmer31@example.net','(882)525-5611x66130','2013-10-19 05:06:40','1999-11-19 11:15:43'),(36,'Thora','Dickinson','turcotte.gisselle@example.com','1-531-504-9378x315','1988-04-25 13:41:36','1983-05-25 21:44:08'),(37,'Randy','Feest','lenore.bahringer@example.com','998-325-3163','1973-04-18 05:54:20','1986-12-17 15:42:52'),(38,'Curtis','Lubowitz','emily95@example.net','1-800-958-2419x039','1984-05-22 00:38:44','1971-06-14 03:02:04'),(39,'Colby','Brekke','little.lue@example.org','+67(6)4679670686','2009-09-16 21:04:38','1981-03-07 03:06:38'),(40,'Willy','Douglas','adams.cassandre@example.com','1-049-088-1784x183','1970-12-29 02:20:36','1982-11-08 06:52:18'),(41,'Ruben','Crooks','jamey31@example.com','1-641-037-4920x374','2005-04-29 00:10:09','1992-02-20 03:32:55'),(42,'Joelle','Aufderhar','lonie98@example.org','1-744-415-5139','1990-09-09 20:58:29','1986-09-17 17:08:47'),(43,'Kennedy','Mraz','tschinner@example.com','09295655713','1970-07-09 12:51:17','2017-08-17 10:37:34'),(44,'Virgie','Williamson','krystal.hickle@example.com','974-276-0886','1979-07-08 06:54:39','2012-12-16 15:21:31'),(45,'Ila','Torphy','mallie47@example.net','(872)559-3576x429','1978-10-23 10:52:36','2011-09-17 23:00:44'),(46,'Bernita','Jones','johnson.mack@example.net','(859)980-1764','1995-11-08 20:08:08','1970-04-19 07:21:21'),(47,'Cade','Hilpert','runolfsdottir.marilie@example.net','104-429-0928','1978-05-05 15:30:49','2009-09-10 15:35:18'),(48,'Jimmie','Schamberger','nya99@example.org','859.028.1764','1981-02-04 21:50:13','1980-04-23 07:25:57'),(49,'Pink','Bins','terry.shannon@example.com','1-973-481-2441','1984-11-23 10:23:44','2013-01-23 18:25:15'),(50,'Yesenia','Swift','pwunsch@example.com','220-717-8485x203','1986-10-19 13:46:35','1972-11-02 00:31:15'),(51,'Lulu','Beer','arlie.hettinger@example.org','401-349-3122x30143','1994-09-29 02:58:02','2009-05-22 15:28:54'),(52,'Rowena','Oberbrunner','cristal.kuvalis@example.net','(196)497-0951','1986-05-07 18:37:38','1990-10-10 00:14:55'),(53,'Abigail','Greenholt','geraldine00@example.net','1-720-342-5916x2758','2008-02-25 19:19:36','1998-02-08 01:41:16'),(54,'Chyna','Kohler','zraynor@example.org','1-384-451-8886x074','2012-05-04 04:09:10','1970-04-21 02:37:03'),(55,'Elfrieda','Waters','princess.skiles@example.net','141-653-9696','1988-04-04 20:47:08','1994-09-04 02:17:52'),(56,'Leila','Lubowitz','maiya.rippin@example.net','1-571-338-7450x965','2017-09-22 08:32:28','1993-06-19 14:42:53'),(57,'Carson','Effertz','dwunsch@example.net','1-056-029-1018x235','2005-10-07 03:47:10','2016-11-20 19:12:11'),(58,'Hilton','Jacobson','eliza.gaylord@example.net','969-906-3171x44463','1978-08-24 07:27:11','1992-03-19 15:18:25'),(59,'Wilber','Glover','lexi14@example.com','1-417-693-7324x659','2004-11-27 14:09:09','2001-07-04 05:51:58'),(60,'Marisa','Graham','gunnar88@example.org','918-167-5935','2005-02-25 06:51:02','1977-01-30 22:00:18'),(61,'Tessie','Mueller','ziemann.jeremy@example.org','132-024-7048','2015-03-28 04:28:59','1978-11-05 01:21:06'),(62,'Vilma','McKenzie','rbeahan@example.org','180-274-6335x505','2010-07-25 09:14:04','1970-04-05 07:02:38'),(63,'Jalon','Hegmann','ike.shields@example.com','245-619-0141','2003-07-11 23:15:25','2015-12-08 18:31:06'),(64,'Alec','Johnston','zula.turcotte@example.net','753-626-5423','1972-03-18 06:34:42','1975-03-19 14:19:10'),(65,'Edd','Schaefer','bgoyette@example.org','(219)953-0398x70723','2005-05-22 15:16:07','2006-04-19 08:55:33'),(66,'Millie','Johnson','darian.nicolas@example.com','072-029-2334','1971-08-14 09:31:56','1983-02-28 21:28:34'),(67,'Ettie','Waters','xschneider@example.com','1-103-521-0162x1067','1989-03-31 04:50:57','1985-03-27 19:17:05'),(68,'Virgil','Hickle','douglas.lupe@example.org','432.337.6891x651','1992-07-07 21:35:58','1980-07-28 22:30:14'),(69,'Era','Schultz','qbode@example.org','1-655-382-1112x8067','1984-11-26 00:37:48','1996-03-15 11:05:31'),(70,'Giovanny','Goldner','christ.walsh@example.net','(836)224-5187x20837','2018-05-27 23:21:59','2000-07-21 12:59:29'),(71,'Emelia','Cartwright','kcassin@example.org','+49(6)6265197120','1984-07-30 10:06:27','1975-04-23 20:18:17'),(72,'Isobel','Wolff','ledner.nikita@example.com','+33(9)0462291796','1995-12-08 08:16:24','1986-10-01 04:20:34'),(73,'Salma','Beahan','eloise76@example.org','(461)213-5450','1997-11-18 21:18:34','2008-12-01 04:16:10'),(74,'Brandi','Watsica','rosario.gerlach@example.com','(944)485-4442x2529','2001-11-16 01:46:21','1980-12-17 21:52:33'),(75,'Courtney','Huel','idell11@example.net','642-983-1718x830','2005-07-13 08:48:10','1974-08-18 11:47:37'),(76,'Danial','Green','wisozk.gwendolyn@example.net','(933)390-9548x65318','1971-08-16 10:19:45','1985-09-30 08:03:59'),(77,'Dulce','Wuckert','immanuel.hagenes@example.com','1-312-972-5747x155','1980-07-12 22:33:07','1974-11-14 17:06:25'),(78,'Cecil','Prosacco','lbrekke@example.org','249-515-0757','1991-07-29 16:26:19','1974-04-22 03:08:11'),(79,'Antonette','Weber','ward.ambrose@example.org','511.755.1655x88662','1975-06-19 21:21:22','1993-09-07 23:43:13'),(80,'Leila','Ernser','kayleigh.cruickshank@example.com','05112776262','1992-01-16 20:50:19','1985-02-17 00:14:01'),(81,'Nick','DuBuque','agnes.o\'reilly@example.com','(822)053-1012','2015-08-21 06:08:35','1981-04-27 03:36:15'),(82,'Michael','Gaylord','schmeler.alysha@example.net','1-413-458-2112x5985','1997-09-30 14:08:31','1973-09-05 15:48:47'),(83,'Harley','Ledner','jbernhard@example.net','402.697.8657x347','2010-06-16 07:13:25','2013-03-23 01:57:50'),(84,'Tate','Davis','keeling.dereck@example.net','142-591-1074','2017-11-16 07:59:42','1998-07-12 11:33:21'),(85,'Steve','Emard','lavonne.dicki@example.org','1-965-075-0986x8346','1974-09-07 09:19:17','2002-07-29 09:23:14'),(86,'Carrie','Terry','roberta89@example.org','1-143-441-3973x99923','1978-11-25 13:51:58','1997-05-14 19:48:50'),(87,'Tad','Cormier','gwintheiser@example.net','03638880054','1984-09-13 03:11:05','1988-12-05 06:35:46'),(88,'Axel','Auer','norbert25@example.net','314.184.5331x32283','2013-12-05 05:38:10','2020-07-02 03:44:10'),(89,'Sibyl','D\'Amore','cooper.beahan@example.net','350.789.5109','2005-01-27 06:52:41','2019-07-22 12:30:13'),(90,'Florine','Roob','nrath@example.com','1-297-923-2184x690','1974-08-18 14:40:04','1980-03-16 09:17:36'),(91,'Domenico','Stracke','qreichel@example.com','00468752958','1997-10-07 15:52:42','2003-08-07 01:34:42'),(92,'Ryan','Ryan','hagenes.kory@example.com','321-777-0699x1088','1995-03-28 19:25:34','1970-10-22 07:32:40'),(93,'Tre','Sawayn','vmorissette@example.net','(505)074-6375x1254','2020-10-01 00:49:25','2011-08-27 06:22:12'),(94,'Tanya','Farrell','carol78@example.net','+55(1)1147570293','2005-01-23 13:17:37','2007-08-21 20:43:37'),(95,'Beaulah','Hirthe','nwalter@example.com','+77(2)0457987542','1989-10-08 23:37:09','1990-11-06 19:29:11'),(96,'Kendrick','Nikolaus','ashlee51@example.org','(261)015-3940x9715','2013-03-11 13:17:28','1981-02-03 00:26:11'),(97,'Hassan','Willms','rocio20@example.net','183-638-0927','2018-06-23 09:33:37','2011-06-07 00:37:35'),(98,'Kathleen','Raynor','roob.johnnie@example.com','1-965-498-9352x73917','1996-01-23 07:14:01','1978-02-18 13:01:48'),(99,'Junior','Abbott','zhackett@example.com','873-467-6695','2007-07-19 20:01:04','1975-09-09 05:44:27'),(100,'Coleman','Muller','crooks.reba@example.org','752-763-6623x0373','1996-12-20 03:37:03','1987-05-23 18:11:55');
/*!40000 ALTER TABLE `users` ENABLE KEYS */;
UNLOCK TABLES;
/*!40103 SET TIME_ZONE=@OLD_TIME_ZONE */;

/*!40101 SET SQL_MODE=@OLD_SQL_MODE */;
/*!40014 SET FOREIGN_KEY_CHECKS=@OLD_FOREIGN_KEY_CHECKS */;
/*!40014 SET UNIQUE_CHECKS=@OLD_UNIQUE_CHECKS */;
/*!40101 SET CHARACTER_SET_CLIENT=@OLD_CHARACTER_SET_CLIENT */;
/*!40101 SET CHARACTER_SET_RESULTS=@OLD_CHARACTER_SET_RESULTS */;
/*!40101 SET COLLATION_CONNECTION=@OLD_COLLATION_CONNECTION */;
/*!40111 SET SQL_NOTES=@OLD_SQL_NOTES */;

-- Dump completed on 2020-10-21  0:29:46
